{"stats":{"minecraft:dropped":{"farmersdelight:iron_knife":1,"spore:mutated_fiber":5,"minecraft:torch":2,"artifacts:feral_claws":1},"minecraft:broken":{"minecraft:chainmail_boots":1,"minecraft:wooden_pickaxe":1},"minecraft:killed_by":{"minecraft:player":1,"spore:inf_villager":1},"minecraft:crafted":{"minecraft:oak_planks":68,"minecraft:stone_shovel":1,"minecraft:crafting_table":2,"farmersdelight:iron_knife":1,"minecraft:wooden_pickaxe":1,"minecraft:furnace":1,"minecraft:stone_axe":1,"minecraft:bread":133,"minecraft:shield":1,"minecraft:stick":16,"minecraft:stone_pickaxe":1,"minecraft:wooden_axe":1,"minecraft:chest":2,"minecraft:wheat":405},"minecraft:used":{"farmersdelight:iron_knife":107,"minecraft:stone_pickaxe":16,"minecraft:oak_planks":24,"minecraft:chest":2,"minecraft:wooden_pickaxe":60,"minecraft:green_bed":2,"minecraft:torch":7,"minecraft:dirt":4,"minecraft:crafting_table":2,"minecraft:wooden_axe":20,"minecraft:bread":15,"minecraft:stone_axe":1,"minecraft:cobblestone":18,"minecraft:furnace":1},"minecraft:picked_up":{"minecraft:stripped_oak_log":1,"minecraft:iron_chestplate":1,"minecraft:feather":6,"minecraft:chainmail_boots":1,"minecraft:chicken":2,"minecraft:oak_stairs":3,"chileancraft:bola_de_greda":2,"minecraft:oak_log":16,"minecraft:string":3,"minecraft:dirt":22,"artifacts:feral_claws":1,"farmersdelight:iron_knife":1,"minecraft:wheat_seeds":2,"farmersdelight:straw":1,"spore:mutated_fiber":5,"minecraft:poppy":1,"minecraft:oak_planks":3,"apotheosis:gem":1,"minecraft:stick":7,"spore:cerebrum":2,"minecraft:torch":10,"minecraft:green_bed":2,"minecraft:gravel":5,"minecraft:porkchop":2,"chileancraft:semilla_de_a_ji_cacho_de_cabra":1,"minecraft:lily_of_the_valley":1,"chileancraft:semilla_de_cebolla":2,"minecraft:hay_block":45,"simpleplanes:large_plane":1,"minecraft:oak_sapling":4,"minecraft:white_wool":1,"minecraft:mutton":1,"minecraft:cobblestone":67},"minecraft:killed":{"minecraft:pig":1,"minecraft:spider":1,"minecraft:creeper":1,"spore:inf_pillager":1,"minecraft:sheep":1,"spore:inf_villager":2,"minecraft:zombie":1,"spore:inf_human":3,"minecraft:chicken":2},"minecraft:mined":{"minecraft:lily_of_the_valley":1,"minecraft:torch":2,"minecraft:grass_block":8,"biomesoplenty:flowering_oak_leaves":2,"minecraft:cobblestone":8,"biomesoplenty:sprout":2,"minecraft:oak_planks":3,"chileancraft:tierra_arcillosa":1,"minecraft:wall_torch":5,"minecraft:hay_block":45,"minecraft:grass":19,"biomesoplenty:clover":6,"minecraft:oak_log":16,"minecraft:oak_stairs":3,"minecraft:gravel":5,"minecraft:dirt":14,"minecraft:stripped_oak_log":2,"minecraft:stone":59,"minecraft:oak_leaves":6,"minecraft:green_bed":2,"minecraft:fern":9},"minecraft:custom":{"lootr:looted_stat":2,"minecraft:mob_kills":14,"minecraft:interact_with_crafting_table":8,"minecraft:bell_ring":92,"minecraft:time_since_death":14131,"minecraft:sleep_in_bed":4,"minecraft:time_since_rest":0,"minecraft:sprint_one_cm":2982,"minecraft:damage_taken":1423,"minecraft:walk_one_cm":381661,"minecraft:drop":4,"minecraft:damage_dealt":2033,"minecraft:fly_one_cm":2589,"minecraft:open_chest":1,"minecraft:play_time":79800,"minecraft:deaths":2,"minecraft:sneak_time":2,"minecraft:walk_under_water_one_cm":726,"minecraft:jump":334,"minecraft:walk_on_water_one_cm":786,"minecraft:total_world_time":79800,"minecraft:fall_one_cm":3105}},"DataVersion":3465}