{"stats":{"minecraft:dropped":{"farmersdelight:iron_knife":1,"minecraft:torch":2,"artifacts:feral_claws":1},"minecraft:crafted":{"minecraft:oak_planks":24,"minecraft:shield":1,"minecraft:crafting_table":1,"minecraft:stick":16,"farmersdelight:iron_knife":1,"minecraft:wooden_pickaxe":1,"minecraft:wooden_axe":1,"minecraft:bread":133,"minecraft:wheat":405},"minecraft:used":{"minecraft:wooden_axe":20,"farmersdelight:iron_knife":9,"minecraft:bread":2,"minecraft:wooden_pickaxe":7,"minecraft:crafting_table":1},"minecraft:picked_up":{"minecraft:stripped_oak_log":1,"minecraft:stick":7,"minecraft:torch":4,"minecraft:oak_stairs":3,"minecraft:porkchop":2,"chileancraft:bola_de_greda":2,"minecraft:oak_log":16,"chileancraft:semilla_de_a_ji_cacho_de_cabra":1,"minecraft:lily_of_the_valley":1,"minecraft:dirt":6,"chileancraft:semilla_de_cebolla":2,"artifacts:feral_claws":1,"farmersdelight:iron_knife":1,"minecraft:wheat_seeds":1,"minecraft:hay_block":45,"minecraft:oak_sapling":4,"minecraft:cobblestone":2},"minecraft:killed":{"minecraft:pig":1},"minecraft:mined":{"minecraft:hay_block":45,"minecraft:lily_of_the_valley":1,"minecraft:grass":14,"biomesoplenty:clover":5,"minecraft:grass_block":3,"minecraft:oak_log":16,"minecraft:oak_stairs":3,"minecraft:dirt":3,"minecraft:stripped_oak_log":2,"biomesoplenty:sprout":2,"minecraft:stone":2,"chileancraft:tierra_arcillosa":1,"minecraft:oak_leaves":6,"minecraft:wall_torch":2,"minecraft:fern":9},"minecraft:custom":{"minecraft:time_since_rest":9284,"lootr:looted_stat":2,"minecraft:sprint_one_cm":795,"minecraft:damage_taken":153,"minecraft:walk_one_cm":157900,"minecraft:mob_kills":1,"minecraft:drop":3,"minecraft:damage_dealt":130,"minecraft:interact_with_crafting_table":6,"minecraft:fly_one_cm":391,"minecraft:play_time":31800,"minecraft:bell_ring":74,"minecraft:sneak_time":2,"minecraft:walk_under_water_one_cm":726,"minecraft:jump":119,"minecraft:walk_on_water_one_cm":786,"minecraft:time_since_death":31800,"minecraft:sleep_in_bed":2,"minecraft:total_world_time":31800,"minecraft:fall_one_cm":1792}},"DataVersion":3465}