{"stats":{"minecraft:dropped":{"farmersdelight:iron_knife":1,"spore:mutated_fiber":5,"patchouli:guide_book":1,"minecraft:torch":2,"minecraft:oak_stairs":3,"artifacts:feral_claws":1},"minecraft:broken":{"minecraft:chainmail_boots":1,"minecraft:wooden_pickaxe":1},"minecraft:killed_by":{"minecraft:player":6,"spore:inf_villager":1,"minecraft:creeper":2,"minecraft:zombie":1},"minecraft:crafted":{"minecraft:oak_planks":68,"minecraft:stone_shovel":1,"minecraft:crafting_table":2,"farmersdelight:iron_knife":1,"minecraft:wooden_pickaxe":1,"minecraft:furnace":1,"minecraft:stone_axe":1,"minecraft:bread":133,"minecraft:shield":1,"minecraft:stick":16,"minecraft:stone_pickaxe":1,"minecraft:wooden_axe":1,"minecraft:chest":2,"minecraft:wheat":405},"minecraft:used":{"farmersdelight:iron_knife":122,"minecraft:flint_and_steel":37,"minecraft:stone_pickaxe":55,"minecraft:oak_planks":24,"minecraft:chest":2,"minecraft:wooden_pickaxe":60,"minecraft:green_bed":2,"minecraft:torch":8,"minecraft:dirt":4,"minecraft:tnt":2,"minecraft:crafting_table":2,"minecraft:wooden_axe":20,"minecraft:bread":21,"minecraft:stone_axe":1,"minecraft:cobblestone":24,"minecraft:furnace":1},"minecraft:picked_up":{"minecraft:stripped_oak_log":1,"minecraft:crafting_table":1,"minecraft:iron_chestplate":1,"minecraft:feather":6,"minecraft:chainmail_boots":1,"minecraft:chicken":2,"minecraft:oak_stairs":3,"minecraft:brown_bed":1,"chileancraft:bola_de_greda":2,"minecraft:oak_log":16,"minecraft:string":3,"minecraft:dirt":76,"artifacts:feral_claws":1,"farmersdelight:iron_knife":1,"minecraft:wheat_seeds":5,"farmersdelight:straw":1,"minecraft:calcite":2,"spore:mutated_fiber":5,"minecraft:poppy":1,"minecraft:chest":2,"minecraft:oak_planks":8,"apotheosis:gem":1,"minecraft:stick":7,"spore:cerebrum":4,"minecraft:oak_door":1,"patchouli:guide_book":1,"minecraft:torch":10,"minecraft:green_bed":3,"minecraft:gravel":5,"minecraft:porkchop":2,"chileancraft:semilla_de_a_ji_cacho_de_cabra":2,"minecraft:lily_of_the_valley":1,"alexsmobs:animal_dictionary":1,"chileancraft:semilla_de_cebolla":2,"minecraft:tnt":2,"minecraft:oak_wood":2,"minecraft:hay_block":45,"simpleplanes:large_plane":2,"minecraft:emerald":2,"minecraft:oak_sapling":4,"minecraft:white_wool":1,"minecraft:mutton":1,"minecraft:cobblestone":93},"minecraft:killed":{"minecraft:pig":1,"minecraft:spider":1,"minecraft:creeper":1,"spore:inf_pillager":1,"minecraft:sheep":1,"spore:inf_villager":2,"minecraft:zombie":1,"spore:inf_human":3,"minecraft:chicken":2},"minecraft:mined":{"minecraft:lily_of_the_valley":1,"minecraft:crafting_table":1,"minecraft:torch":2,"minecraft:grass_block":13,"minecraft:chest":2,"biomesoplenty:flowering_oak_leaves":2,"minecraft:cobblestone":11,"biomesoplenty:sprout":6,"minecraft:oak_planks":3,"chileancraft:tierra_arcillosa":1,"minecraft:wall_torch":5,"minecraft:hay_block":45,"minecraft:fire":2,"minecraft:tnt":2,"minecraft:grass":24,"biomesoplenty:clover":14,"minecraft:oak_log":16,"minecraft:oak_stairs":3,"minecraft:gravel":5,"minecraft:dirt":28,"minecraft:stripped_oak_log":2,"minecraft:stone":76,"minecraft:oak_leaves":6,"minecraft:green_bed":3,"minecraft:fern":9},"minecraft:custom":{"lootr:looted_stat":2,"minecraft:mob_kills":14,"minecraft:interact_with_crafting_table":8,"minecraft:bell_ring":92,"minecraft:time_since_death":1083,"minecraft:sleep_in_bed":5,"minecraft:time_since_rest":1196,"minecraft:sprint_one_cm":6852,"minecraft:damage_taken":4085,"minecraft:walk_one_cm":561479,"minecraft:drop":6,"minecraft:damage_dealt":2201,"minecraft:fly_one_cm":7331,"minecraft:open_chest":1,"minecraft:play_time":109800,"minecraft:deaths":10,"minecraft:sneak_time":2,"minecraft:walk_under_water_one_cm":2399,"minecraft:jump":584,"minecraft:walk_on_water_one_cm":7021,"minecraft:total_world_time":109800,"minecraft:fall_one_cm":5895}},"DataVersion":3465}