{"stats":{"minecraft:dropped":{"farmersdelight:iron_knife":1},"minecraft:used":{"minecraft:crafting_table":1},"minecraft:crafted":{"minecraft:oak_planks":24,"minecraft:shield":1,"minecraft:crafting_table":1,"minecraft:stick":16,"farmersdelight:iron_knife":1,"minecraft:wooden_pickaxe":1,"minecraft:wooden_axe":1,"minecraft:bread":25,"minecraft:wheat":405},"minecraft:picked_up":{"minecraft:stick":7,"minecraft:oak_stairs":3,"minecraft:porkchop":2,"minecraft:oak_log":6,"chileancraft:semilla_de_a_ji_cacho_de_cabra":1,"minecraft:lily_of_the_valley":1,"minecraft:dirt":2,"chileancraft:semilla_de_cebolla":1,"farmersdelight:iron_knife":1,"minecraft:wheat_seeds":1,"minecraft:hay_block":45,"minecraft:oak_sapling":4},"minecraft:killed":{"minecraft:pig":1},"minecraft:mined":{"minecraft:hay_block":45,"minecraft:lily_of_the_valley":1,"minecraft:grass":8,"biomesoplenty:clover":1,"minecraft:grass_block":2,"minecraft:oak_log":6,"minecraft:oak_stairs":3,"biomesoplenty:sprout":2,"minecraft:oak_leaves":2,"minecraft:fern":9},"minecraft:custom":{"minecraft:time_since_rest":12431,"lootr:looted_stat":2,"minecraft:sprint_one_cm":795,"minecraft:damage_taken":123,"minecraft:walk_one_cm":107629,"minecraft:mob_kills":1,"minecraft:drop":1,"minecraft:damage_dealt":130,"minecraft:interact_with_crafting_table":2,"minecraft:fly_one_cm":391,"minecraft:play_time":19800,"minecraft:bell_ring":63,"minecraft:sneak_time":2,"minecraft:walk_under_water_one_cm":726,"minecraft:jump":86,"minecraft:walk_on_water_one_cm":786,"minecraft:time_since_death":19800,"minecraft:sleep_in_bed":1,"minecraft:total_world_time":19800,"minecraft:fall_one_cm":1223}},"DataVersion":3465}