{"stats":{"minecraft:dropped":{"chileancraft:semilla_de_a_ji_cacho_de_cabra":1,"farmersdelight:iron_knife":1,"spore:mutated_fiber":5,"patchouli:guide_book":1,"minecraft:torch":2,"minecraft:oak_stairs":3,"artifacts:feral_claws":1},"minecraft:broken":{"minecraft:wooden_axe":1,"minecraft:flint_and_steel":1,"minecraft:chainmail_boots":1,"minecraft:wooden_pickaxe":1},"minecraft:killed_by":{"minecraft:player":8,"spore:inf_villager":1,"minecraft:creeper":3,"minecraft:zombie":1},"minecraft:crafted":{"minecraft:oak_planks":176,"minecraft:stone_shovel":1,"minecraft:crafting_table":2,"farmersdelight:iron_knife":1,"minecraft:wooden_pickaxe":1,"minecraft:furnace":1,"minecraft:stone_axe":2,"minecraft:bread":133,"minecraft:shield":1,"minecraft:stick":40,"minecraft:stone_pickaxe":1,"minecraft:wooden_axe":1,"minecraft:chest":2,"minecraft:wheat":405},"minecraft:used":{"farmersdelight:iron_knife":132,"minecraft:flint_and_steel":64,"minecraft:stone_shovel":21,"minecraft:stone_pickaxe":94,"minecraft:oak_planks":297,"minecraft:chest":2,"minecraft:wooden_pickaxe":60,"minecraft:green_bed":2,"minecraft:oak_door":2,"minecraft:stick":14,"minecraft:torch":8,"minecraft:dirt":4,"minecraft:tnt":2,"minecraft:crafting_table":4,"minecraft:wooden_axe":68,"minecraft:bread":31,"minecraft:stone_axe":46,"minecraft:cobblestone":24,"minecraft:furnace":1},"minecraft:picked_up":{"minecraft:stripped_oak_log":16,"minecraft:crafting_table":2,"minecraft:iron_chestplate":1,"minecraft:feather":6,"chileancraft:capucha_helmet":1,"minecraft:chainmail_boots":1,"minecraft:chicken":4,"minecraft:oak_stairs":6,"minecraft:brown_bed":1,"chileancraft:bola_de_greda":2,"minecraft:oak_log":43,"chileancraft:salitre":14,"minecraft:dirt":92,"minecraft:string":3,"artifacts:feral_claws":1,"minecraft:bone":4,"farmersdelight:iron_knife":1,"minecraft:oak_sign":1,"minecraft:wheat_seeds":5,"farmersdelight:straw":2,"minecraft:calcite":2,"spore:mutated_fiber":5,"minecraft:poppy":1,"minecraft:chest":2,"minecraft:oak_planks":252,"minecraft:raw_iron":1,"minecraft:stick":10,"apotheosis:gem":1,"spore:cerebrum":4,"minecraft:oak_door":3,"patchouli:guide_book":1,"minecraft:torch":15,"minecraft:green_bed":3,"minecraft:gravel":5,"minecraft:porkchop":2,"chileancraft:semilla_de_a_ji_cacho_de_cabra":3,"minecraft:lily_of_the_valley":1,"alexsmobs:animal_dictionary":1,"chileancraft:semilla_de_cebolla":2,"minecraft:tnt":2,"minecraft:oak_wood":2,"minecraft:arrow":1,"minecraft:rotten_flesh":1,"minecraft:hay_block":45,"simpleplanes:large_plane":2,"minecraft:emerald":2,"supplementaries:ash":1,"minecraft:terracotta":1,"minecraft:oak_sapling":5,"minecraft:mutton":1,"minecraft:white_wool":1,"minecraft:cobblestone":116},"minecraft:killed":{"minecraft:pig":1,"minecraft:spider":1,"minecraft:creeper":1,"spore:inf_pillager":1,"minecraft:sheep":1,"spore:inf_villager":2,"minecraft:zombie":1,"spore:inf_human":3,"minecraft:chicken":2},"minecraft:mined":{"chileancraft:mena_desalitre":7,"minecraft:glass_pane":1,"simpleplanes:plane_workbench":1,"minecraft:lily_of_the_valley":1,"minecraft:crafting_table":1,"minecraft:torch":2,"minecraft:grass_block":29,"minecraft:chest":2,"biomesoplenty:flowering_oak_leaves":5,"minecraft:cobblestone":14,"biomesoplenty:sprout":9,"minecraft:oak_planks":52,"chileancraft:tierra_arcillosa":1,"minecraft:oak_wall_sign":1,"minecraft:wall_torch":8,"minecraft:hay_block":45,"minecraft:iron_ore":2,"minecraft:fire":2,"minecraft:tnt":2,"supplementaries:stick":4,"minecraft:grass":28,"biomesoplenty:clover":18,"minecraft:oak_log":43,"minecraft:dirt_path":1,"minecraft:oak_stairs":3,"minecraft:gravel":5,"minecraft:dirt":31,"minecraft:stripped_oak_log":2,"minecraft:terracotta":3,"minecraft:stone":96,"minecraft:oak_leaves":13,"minecraft:green_bed":3,"minecraft:fern":11},"minecraft:custom":{"lootr:looted_stat":2,"minecraft:mob_kills":14,"minecraft:interact_with_crafting_table":13,"minecraft:open_barrel":2,"minecraft:bell_ring":92,"minecraft:leave_game":1,"minecraft:time_since_death":17664,"minecraft:sleep_in_bed":5,"minecraft:time_since_rest":17715,"minecraft:sprint_one_cm":7072,"minecraft:damage_taken":6464,"minecraft:walk_one_cm":765211,"minecraft:drop":7,"minecraft:damage_dealt":2413,"minecraft:fly_one_cm":9389,"minecraft:open_chest":1,"minecraft:play_time":153701,"minecraft:deaths":17,"minecraft:sneak_time":2,"minecraft:walk_under_water_one_cm":6436,"minecraft:jump":838,"minecraft:walk_on_water_one_cm":13196,"minecraft:total_world_time":153701,"minecraft:fall_one_cm":18869}},"DataVersion":3465}