{"stats":{"minecraft:dropped":{"farmersdelight:iron_knife":1,"minecraft:torch":2,"artifacts:feral_claws":1},"minecraft:broken":{"minecraft:wooden_pickaxe":1},"minecraft:crafted":{"minecraft:oak_planks":68,"minecraft:stone_shovel":1,"minecraft:shield":1,"minecraft:crafting_table":2,"minecraft:stick":16,"farmersdelight:iron_knife":1,"minecraft:wooden_pickaxe":1,"minecraft:stone_pickaxe":1,"minecraft:wooden_axe":1,"minecraft:chest":2,"minecraft:furnace":1,"minecraft:stone_axe":1,"minecraft:bread":133,"minecraft:wheat":405},"minecraft:used":{"minecraft:wooden_axe":20,"farmersdelight:iron_knife":31,"minecraft:bread":4,"minecraft:oak_planks":20,"minecraft:chest":2,"minecraft:wooden_pickaxe":60,"minecraft:torch":3,"minecraft:dirt":4,"minecraft:crafting_table":2,"minecraft:furnace":1},"minecraft:picked_up":{"minecraft:stripped_oak_log":1,"minecraft:iron_chestplate":1,"minecraft:stick":7,"minecraft:torch":7,"minecraft:oak_stairs":3,"minecraft:gravel":5,"minecraft:porkchop":2,"chileancraft:bola_de_greda":2,"minecraft:oak_log":16,"chileancraft:semilla_de_a_ji_cacho_de_cabra":1,"minecraft:lily_of_the_valley":1,"minecraft:dirt":16,"chileancraft:semilla_de_cebolla":2,"artifacts:feral_claws":1,"farmersdelight:iron_knife":1,"minecraft:wheat_seeds":2,"minecraft:hay_block":45,"minecraft:oak_sapling":4,"minecraft:cobblestone":53},"minecraft:killed":{"spore:inf_human":2,"minecraft:pig":1},"minecraft:mined":{"minecraft:hay_block":45,"minecraft:lily_of_the_valley":1,"minecraft:torch":2,"minecraft:grass":14,"biomesoplenty:clover":5,"minecraft:grass_block":5,"minecraft:oak_log":16,"minecraft:oak_stairs":3,"minecraft:gravel":5,"minecraft:dirt":12,"minecraft:stripped_oak_log":2,"biomesoplenty:sprout":2,"minecraft:stone":53,"chileancraft:tierra_arcillosa":1,"minecraft:oak_leaves":6,"minecraft:wall_torch":3,"minecraft:fern":9},"minecraft:custom":{"minecraft:time_since_rest":21284,"lootr:looted_stat":2,"minecraft:sprint_one_cm":798,"minecraft:damage_taken":251,"minecraft:walk_one_cm":174629,"minecraft:mob_kills":3,"minecraft:drop":3,"minecraft:damage_dealt":486,"minecraft:interact_with_crafting_table":8,"minecraft:fly_one_cm":455,"minecraft:play_time":43800,"minecraft:bell_ring":74,"minecraft:sneak_time":2,"minecraft:walk_under_water_one_cm":726,"minecraft:jump":122,"minecraft:walk_on_water_one_cm":786,"minecraft:time_since_death":43800,"minecraft:sleep_in_bed":2,"minecraft:total_world_time":43800,"minecraft:fall_one_cm":1792}},"DataVersion":3465}