{"stats":{"minecraft:dropped":{"farmersdelight:iron_knife":1,"spore:mutated_fiber":5,"patchouli:guide_book":1,"minecraft:torch":2,"minecraft:oak_stairs":3,"artifacts:feral_claws":1},"minecraft:broken":{"minecraft:flint_and_steel":1,"minecraft:chainmail_boots":1,"minecraft:wooden_pickaxe":1},"minecraft:killed_by":{"minecraft:player":7,"spore:inf_villager":1,"minecraft:creeper":3,"minecraft:zombie":1},"minecraft:crafted":{"minecraft:oak_planks":176,"minecraft:stone_shovel":1,"minecraft:crafting_table":2,"farmersdelight:iron_knife":1,"minecraft:wooden_pickaxe":1,"minecraft:furnace":1,"minecraft:stone_axe":1,"minecraft:bread":133,"minecraft:shield":1,"minecraft:stick":16,"minecraft:stone_pickaxe":1,"minecraft:wooden_axe":1,"minecraft:chest":2,"minecraft:wheat":405},"minecraft:used":{"farmersdelight:iron_knife":132,"minecraft:flint_and_steel":64,"minecraft:stone_pickaxe":55,"minecraft:oak_planks":122,"minecraft:chest":2,"minecraft:wooden_pickaxe":60,"minecraft:green_bed":2,"minecraft:oak_door":1,"minecraft:torch":8,"minecraft:dirt":4,"minecraft:tnt":2,"minecraft:crafting_table":2,"minecraft:wooden_axe":64,"minecraft:bread":25,"minecraft:stone_axe":1,"minecraft:cobblestone":24,"minecraft:furnace":1},"minecraft:picked_up":{"minecraft:stripped_oak_log":16,"minecraft:crafting_table":1,"minecraft:iron_chestplate":1,"minecraft:feather":6,"chileancraft:capucha_helmet":1,"minecraft:chainmail_boots":1,"minecraft:chicken":4,"minecraft:oak_stairs":6,"minecraft:brown_bed":1,"chileancraft:bola_de_greda":2,"minecraft:oak_log":43,"minecraft:dirt":76,"minecraft:string":3,"artifacts:feral_claws":1,"minecraft:bone":4,"farmersdelight:iron_knife":1,"minecraft:oak_sign":1,"minecraft:wheat_seeds":5,"farmersdelight:straw":2,"minecraft:calcite":2,"spore:mutated_fiber":5,"minecraft:poppy":1,"minecraft:chest":2,"minecraft:oak_planks":13,"minecraft:stick":7,"apotheosis:gem":1,"spore:cerebrum":4,"minecraft:oak_door":2,"patchouli:guide_book":1,"minecraft:torch":11,"minecraft:green_bed":3,"minecraft:gravel":5,"minecraft:porkchop":2,"chileancraft:semilla_de_a_ji_cacho_de_cabra":2,"minecraft:lily_of_the_valley":1,"alexsmobs:animal_dictionary":1,"chileancraft:semilla_de_cebolla":2,"minecraft:tnt":2,"minecraft:oak_wood":2,"minecraft:arrow":1,"minecraft:hay_block":45,"simpleplanes:large_plane":2,"minecraft:emerald":2,"minecraft:oak_sapling":5,"minecraft:mutton":1,"minecraft:white_wool":1,"minecraft:cobblestone":93},"minecraft:killed":{"minecraft:pig":1,"minecraft:spider":1,"minecraft:creeper":1,"spore:inf_pillager":1,"minecraft:sheep":1,"spore:inf_villager":2,"minecraft:zombie":1,"spore:inf_human":3,"minecraft:chicken":2},"minecraft:mined":{"minecraft:glass_pane":1,"simpleplanes:plane_workbench":1,"minecraft:lily_of_the_valley":1,"minecraft:crafting_table":1,"minecraft:torch":2,"minecraft:grass_block":13,"minecraft:chest":2,"biomesoplenty:flowering_oak_leaves":5,"minecraft:cobblestone":11,"biomesoplenty:sprout":8,"minecraft:oak_planks":6,"chileancraft:tierra_arcillosa":1,"minecraft:oak_wall_sign":1,"minecraft:wall_torch":5,"minecraft:hay_block":45,"minecraft:fire":2,"minecraft:tnt":2,"minecraft:grass":28,"biomesoplenty:clover":18,"minecraft:oak_log":43,"minecraft:oak_stairs":3,"minecraft:gravel":5,"minecraft:dirt":28,"minecraft:stripped_oak_log":2,"minecraft:stone":76,"minecraft:oak_leaves":13,"minecraft:green_bed":3,"minecraft:fern":11},"minecraft:custom":{"lootr:looted_stat":2,"minecraft:mob_kills":14,"minecraft:interact_with_crafting_table":8,"minecraft:open_barrel":1,"minecraft:bell_ring":92,"minecraft:leave_game":1,"minecraft:time_since_death":12322,"minecraft:sleep_in_bed":5,"minecraft:time_since_rest":12393,"minecraft:sprint_one_cm":7008,"minecraft:damage_taken":5661,"minecraft:walk_one_cm":676900,"minecraft:drop":6,"minecraft:damage_dealt":2366,"minecraft:fly_one_cm":8538,"minecraft:open_chest":1,"minecraft:play_time":129701,"minecraft:deaths":15,"minecraft:sneak_time":2,"minecraft:walk_under_water_one_cm":5263,"minecraft:jump":749,"minecraft:walk_on_water_one_cm":11698,"minecraft:total_world_time":129701,"minecraft:fall_one_cm":15356}},"DataVersion":3465}