{"stats":{"minecraft:picked_up":{"minecraft:porkchop":2,"minecraft:wheat_seeds":1},"minecraft:killed":{"minecraft:pig":1},"minecraft:mined":{"biomesoplenty:sprout":1,"minecraft:fern":9},"minecraft:custom":{"minecraft:jump":62,"minecraft:time_since_rest":431,"minecraft:damage_dealt":130,"minecraft:sprint_one_cm":795,"lootr:looted_stat":2,"minecraft:play_time":7800,"minecraft:walk_on_water_one_cm":695,"minecraft:time_since_death":7800,"minecraft:walk_one_cm":51186,"minecraft:sleep_in_bed":1,"minecraft:total_world_time":7800,"minecraft:walk_under_water_one_cm":726,"minecraft:mob_kills":1,"minecraft:fly_one_cm":243,"minecraft:fall_one_cm":1014}},"DataVersion":3465}