{"stats":{"minecraft:killed":{"chileancraft:paco_ffee":1,"spore:inf_pillager":1,"spore:inf_villager":1,"minecraft:skeleton":1,"minecraft:villager":1,"minecraft:enderman":1,"minecraft:cow":1},"minecraft:killed_by":{"chileancraft:paco":1,"spore:inf_player":1,"minecraft:player":7,"spore:inf_villager":1,"minecraft:zombie":1,"spore:inf_human":5,"spore:inf_vindicator":1,"spore:inf_witch":1,"witherstormmod:wither_storm":1,"spore:inf_pillager":2},"minecraft:mined":{"minecraft:dark_oak_planks":3,"minecraft:acacia_leaves":1,"minecraft:white_bed":1,"minecraft:red_bed":3,"minecraft:dark_oak_leaves":2,"minecraft:candle":1,"minecraft:spruce_trapdoor":1,"minecraft:white_stained_glass_pane":7,"minecraft:tall_grass":4,"minecraft:cobblestone":2,"minecraft:grass":7,"minecraft:coal_ore":6,"minecraft:iron_bars":1,"minecraft:dirt":5,"minecraft:stone":30,"minecraft:deepslate":2},"minecraft:used":{"minecraft:stone_sword":22,"chileancraft:cuchuflis":1,"cgm:pistol":11,"minecraft:stone_pickaxe":11,"minecraft:wooden_pickaxe":38,"chileancraft:chicha":2,"minecraft:dark_oak_planks":3,"minecraft:stone_axe":4,"minecraft:diamond_sword":21,"chileancraft:sopaipilla":1},"minecraft:dropped":{"minecraft:bread":1,"minecraft:wheat_seeds":2,"minecraft:stone_sword":2,"chileancraft:moneda_de_500":3,"minecraft:leather":2,"minecraft:coal":6,"minecraft:dirt":5,"supplementaries:ash":4,"minecraft:dark_oak_log":10,"minecraft:spider_eye":1,"minecraft:wooden_pickaxe":1,"minecraft:beef":1,"minecraft:dark_oak_planks":3,"minecraft:string":2},"minecraft:custom":{"lootr:looted_stat":5,"minecraft:mob_kills":8,"minecraft:interact_with_crafting_table":1,"minecraft:leave_game":6,"minecraft:time_since_death":3459,"minecraft:climb_one_cm":36,"minecraft:time_since_rest":3620,"minecraft:sprint_one_cm":1007,"minecraft:damage_taken":7300,"minecraft:walk_one_cm":345455,"minecraft:drop":20,"minecraft:damage_dealt":1735,"minecraft:fly_one_cm":8628,"minecraft:open_chest":1,"minecraft:play_time":89909,"minecraft:deaths":26,"minecraft:sneak_time":6,"minecraft:walk_under_water_one_cm":13514,"minecraft:jump":731,"minecraft:walk_on_water_one_cm":25592,"minecraft:total_world_time":89909,"minecraft:fall_one_cm":42441},"minecraft:picked_up":{"biomesoplenty:dried_salt":1,"chileancraft:super_8":6,"minecraft:leather":2,"minecraft:wooden_pickaxe":1,"minecraft:wither_rose":1,"minecraft:oak_log":1,"chileancraft:sopaipilla":8,"minecraft:shield":1,"chileancraft:chicha":5,"minecraft:red_bed":2,"minecraft:dirt":5,"minecraft:string":2,"chileancraft:diez_mil_pesos":1,"minecraft:bone":8,"minecraft:wheat_seeds":2,"minecraft:cobbled_deepslate":2,"minecraft:stone_pickaxe":2,"minecraft:iron_ingot":12,"minecraft:beef":1,"chileancraft:cuchuflis":5,"chileancraft:moneda_de_10":2,"chileancraft:moneda_de_500":3,"chileancraft:remolino":1,"minecraft:white_bed":1,"minecraft:dark_oak_log":10,"minecraft:spider_eye":1,"minecraft:dark_oak_planks":23,"cgm:pistol":1,"minecraft:stone_sword":1,"minecraft:arrow":6,"minecraft:rotten_flesh":2,"supplementaries:antique_ink":3,"minecraft:bread":1,"supplementaries:ash":4,"minecraft:oak_sapling":2,"minecraft:coal":6,"minecraft:iron_bars":1,"minecraft:cobblestone":28},"minecraft:crafted":{"minecraft:oak_planks":4,"minecraft:stone_shovel":1,"minecraft:crafting_table":1,"minecraft:stone_axe":1,"minecraft:stick":20,"minecraft:stone_pickaxe":1,"minecraft:stone_sword":2,"farmersdelight:diamond_knife":1}},"DataVersion":3465}