{"stats":{"minecraft:custom":{"minecraft:interact_with_furnace":1,"lootr:looted_stat":2,"minecraft:mob_kills":14,"minecraft:interact_with_crafting_table":15,"minecraft:open_barrel":2,"minecraft:bell_ring":92,"minecraft:leave_game":2,"minecraft:time_since_death":7126,"minecraft:sleep_in_bed":5,"minecraft:time_since_rest":12397,"minecraft:sprint_one_cm":7072,"minecraft:damage_taken":6722,"minecraft:walk_one_cm":809488,"minecraft:drop":10,"minecraft:damage_dealt":2441,"minecraft:fly_one_cm":9775,"minecraft:open_chest":1,"minecraft:play_time":174677,"minecraft:deaths":18,"minecraft:sneak_time":2,"minecraft:walk_under_water_one_cm":8331,"minecraft:jump":931,"minecraft:walk_on_water_one_cm":14375,"minecraft:total_world_time":174677,"minecraft:fall_one_cm":20678},"minecraft:killed":{"minecraft:pig":1,"minecraft:spider":1,"minecraft:creeper":1,"spore:inf_pillager":1,"minecraft:sheep":1,"spore:inf_villager":2,"minecraft:zombie":1,"spore:inf_human":3,"minecraft:chicken":2},"minecraft:broken":{"minecraft:stone_pickaxe":1,"minecraft:wooden_axe":1,"minecraft:flint_and_steel":1,"minecraft:chainmail_boots":1,"minecraft:wooden_pickaxe":1},"minecraft:used":{"farmersdelight:iron_knife":138,"minecraft:flint_and_steel":64,"minecraft:stone_pickaxe":195,"minecraft:stone_shovel":21,"minecraft:oak_planks":303,"minecraft:chest":4,"minecraft:wooden_pickaxe":60,"minecraft:green_bed":4,"minecraft:oak_door":2,"minecraft:stick":14,"minecraft:torch":15,"minecraft:dirt":4,"minecraft:tnt":2,"minecraft:crafting_table":5,"minecraft:wooden_axe":68,"minecraft:bread":32,"minecraft:stone_axe":48,"minecraft:cobblestone":74,"minecraft:furnace":2},"minecraft:killed_by":{"minecraft:player":8,"spore:inf_villager":1,"minecraft:creeper":3,"minecraft:zombie":2},"minecraft:crafted":{"minecraft:oak_planks":176,"minecraft:stone_shovel":1,"minecraft:crafting_table":3,"farmersdelight:iron_knife":1,"minecraft:cooked_chicken":2,"minecraft:wooden_pickaxe":1,"minecraft:furnace":2,"minecraft:stripped_oak_wood":3,"minecraft:stone_axe":3,"minecraft:bread":133,"minecraft:shield":1,"minecraft:stick":40,"minecraft:iron_ingot":4,"minecraft:stone_pickaxe":2,"minecraft:wooden_axe":1,"minecraft:chest":4,"minecraft:wheat":405},"minecraft:picked_up":{"minecraft:iron_chestplate":1,"minecraft:crafting_table":2,"minecraft:feather":6,"chileancraft:capucha_helmet":1,"minecraft:chainmail_boots":1,"minecraft:chicken":4,"minecraft:oak_stairs":6,"minecraft:brown_bed":1,"chileancraft:bola_de_greda":2,"minecraft:oak_log":43,"chileancraft:salitre":14,"minecraft:string":3,"minecraft:dirt":92,"artifacts:feral_claws":1,"minecraft:bone":4,"farmersdelight:iron_knife":1,"minecraft:oak_sign":2,"minecraft:wheat_seeds":5,"farmersdelight:straw":2,"minecraft:calcite":2,"spore:mutated_fiber":5,"minecraft:poppy":1,"minecraft:chest":2,"minecraft:oak_planks":257,"minecraft:furnace":1,"minecraft:stick":10,"minecraft:raw_iron":4,"apotheosis:gem":1,"spore:cerebrum":4,"minecraft:oak_door":3,"patchouli:guide_book":1,"minecraft:torch":22,"minecraft:green_bed":4,"minecraft:gravel":11,"minecraft:porkchop":2,"chileancraft:semilla_de_a_ji_cacho_de_cabra":3,"minecraft:lily_of_the_valley":1,"alexsmobs:animal_dictionary":1,"chileancraft:semilla_de_cebolla":2,"minecraft:tnt":2,"minecraft:oak_wood":2,"minecraft:arrow":1,"minecraft:rotten_flesh":1,"minecraft:hay_block":45,"simpleplanes:large_plane":2,"minecraft:emerald":2,"minecraft:terracotta":1,"supplementaries:ash":1,"minecraft:oak_sapling":5,"minecraft:mutton":1,"iceandfire:raw_silver":5,"minecraft:white_wool":1,"minecraft:cobblestone":189,"minecraft:stripped_oak_log":16},"minecraft:mined":{"chileancraft:mena_desalitre":7,"minecraft:glass_pane":1,"simpleplanes:plane_workbench":1,"iceandfire:silver_ore":5,"minecraft:lily_of_the_valley":1,"minecraft:torch":4,"minecraft:crafting_table":1,"minecraft:grass_block":29,"minecraft:chest":2,"biomesoplenty:flowering_oak_leaves":5,"minecraft:cobblestone":15,"biomesoplenty:sprout":9,"minecraft:oak_planks":57,"chileancraft:tierra_arcillosa":1,"minecraft:oak_wall_sign":1,"minecraft:wall_torch":12,"minecraft:hay_block":45,"minecraft:iron_ore":4,"minecraft:fire":2,"minecraft:tnt":2,"minecraft:grass":30,"biomesoplenty:clover":18,"supplementaries:stick":4,"minecraft:oak_log":43,"minecraft:dirt_path":1,"minecraft:oak_stairs":3,"minecraft:gravel":11,"minecraft:dirt":31,"minecraft:stripped_oak_log":2,"minecraft:terracotta":3,"minecraft:stone":171,"minecraft:oak_leaves":13,"minecraft:fern":11,"minecraft:green_bed":4},"minecraft:dropped":{"chileancraft:semilla_de_a_ji_cacho_de_cabra":2,"minecraft:furnace":1,"farmersdelight:iron_knife":1,"minecraft:stone_axe":1,"spore:mutated_fiber":5,"patchouli:guide_book":1,"minecraft:torch":2,"minecraft:oak_stairs":3,"artifacts:feral_claws":1}},"DataVersion":3465}