{"stats":{"minecraft:custom":{"lootr:looted_stat":2,"minecraft:mob_kills":16,"minecraft:interact_with_crafting_table":21,"minecraft:open_barrel":3,"minecraft:bell_ring":92,"minecraft:leave_game":2,"minecraft:time_since_death":43126,"minecraft:climb_one_cm":1233,"minecraft:sprint_one_cm":7136,"minecraft:walk_one_cm":966313,"minecraft:drop":13,"minecraft:play_time":210677,"minecraft:deaths":18,"minecraft:sneak_time":2,"minecraft:walk_under_water_one_cm":14311,"minecraft:jump":1140,"minecraft:walk_on_water_one_cm":38473,"minecraft:total_world_time":210677,"minecraft:interact_with_furnace":1,"minecraft:sleep_in_bed":10,"minecraft:time_since_rest":12540,"minecraft:damage_taken":7081,"minecraft:damage_dealt":2621,"minecraft:fly_one_cm":10187,"minecraft:open_chest":3,"minecraft:fall_one_cm":23780},"minecraft:broken":{"minecraft:flint_and_steel":1,"minecraft:chainmail_boots":1,"minecraft:wooden_pickaxe":1,"minecraft:stone_pickaxe":1,"minecraft:wooden_axe":1},"minecraft:killed":{"minecraft:spider":1,"minecraft:chicken":2,"minecraft:pig":1,"minecraft:creeper":1,"minecraft:squid":1,"spore:inf_pillager":1,"minecraft:sheep":1,"spore:inf_villager":2,"spore:inf_human":3,"minecraft:zombie":1,"alexsmobs:crow":1},"minecraft:used":{"minecraft:writable_book":3,"minecraft:flint_and_steel":64,"minecraft:stone_shovel":21,"minecraft:chest":4,"minecraft:oak_door":2,"minecraft:stick":14,"minecraft:torch":26,"minecraft:dirt":44,"minecraft:wooden_axe":68,"minecraft:furnace":2,"farmersdelight:iron_knife":155,"minecraft:stone_pickaxe":262,"minecraft:oak_planks":303,"minecraft:wooden_pickaxe":60,"minecraft:green_bed":4,"supplementaries:timber_frame":13,"minecraft:tnt":2,"minecraft:crafting_table":5,"minecraft:bread":40,"minecraft:stone_axe":62,"minecraft:cobblestone":74,"minecraft:stripped_oak_wood":1,"minecraft:stripped_oak_log":4},"minecraft:killed_by":{"minecraft:player":8,"minecraft:creeper":3,"spore:inf_villager":1,"minecraft:zombie":2},"minecraft:crafted":{"minecraft:oak_planks":176,"minecraft:stone_shovel":1,"minecraft:cooked_chicken":2,"minecraft:furnace":2,"minecraft:iron_boots":1,"minecraft:stone_pickaxe":2,"minecraft:chest":4,"minecraft:wheat":405,"iceandfire:silver_ingot":5,"minecraft:crafting_table":3,"farmersdelight:iron_knife":1,"minecraft:wooden_pickaxe":1,"minecraft:stripped_oak_wood":3,"minecraft:stone_axe":3,"supplementaries:timber_frame":10,"minecraft:bread":133,"minecraft:shield":1,"minecraft:stick":88,"minecraft:iron_ingot":4,"minecraft:wooden_axe":1,"minecraft:stone_sword":7},"minecraft:picked_up":{"minecraft:crafting_table":2,"minecraft:iron_chestplate":1,"minecraft:chainmail_boots":1,"minecraft:chicken":4,"minecraft:oak_stairs":6,"minecraft:brown_bed":1,"minecraft:string":3,"artifacts:feral_claws":1,"minecraft:oak_sign":3,"farmersdelight:straw":2,"minecraft:calcite":2,"minecraft:poppy":1,"minecraft:chest":2,"minecraft:iron_boots":1,"minecraft:furnace":1,"apotheosis:gem":1,"minecraft:stick":18,"minecraft:raw_iron":4,"minecraft:oak_door":3,"minecraft:oak_fence":1,"minecraft:torch":30,"minecraft:green_bed":4,"minecraft:porkchop":2,"chileancraft:semilla_de_cebolla":2,"minecraft:tnt":2,"minecraft:arrow":1,"minecraft:rotten_flesh":1,"minecraft:hay_block":45,"supplementaries:ash":1,"minecraft:mutton":1,"minecraft:cobblestone":189,"minecraft:white_wool":1,"minecraft:stripped_oak_log":20,"minecraft:feather":7,"chileancraft:capucha_helmet":1,"chileancraft:bola_de_greda":2,"minecraft:oak_log":43,"chileancraft:salitre":14,"minecraft:wither_skeleton_skull":1,"minecraft:dirt":135,"minecraft:bone":4,"farmersdelight:iron_knife":1,"minecraft:wheat_seeds":6,"minecraft:stripped_oak_wood":1,"spore:mutated_fiber":5,"supplementaries:timber_frame":5,"minecraft:oak_planks":259,"spore:cerebrum":4,"patchouli:guide_book":1,"minecraft:gravel":11,"chileancraft:semilla_de_a_ji_cacho_de_cabra":3,"minecraft:ink_sac":2,"minecraft:lily_of_the_valley":1,"alexsmobs:animal_dictionary":1,"minecraft:oak_wood":2,"minecraft:writable_book":1,"simpleplanes:large_plane":2,"minecraft:emerald":2,"minecraft:terracotta":1,"minecraft:oak_sapling":5,"iceandfire:raw_silver":5},"minecraft:mined":{"chileancraft:mena_desalitre":7,"simpleplanes:plane_workbench":1,"iceandfire:silver_ore":5,"minecraft:grass_block":67,"biomesoplenty:flowering_oak_leaves":5,"minecraft:oak_wall_sign":2,"chileancraft:tierra_arcillosa":1,"minecraft:hay_block":45,"minecraft:black_stained_glass_pane":2,"supplementaries:timber_frame":4,"minecraft:iron_ore":4,"minecraft:fire":2,"supplementaries:stick":12,"minecraft:dirt_path":1,"minecraft:oak_stairs":3,"minecraft:stripped_oak_log":4,"minecraft:stone":176,"minecraft:green_bed":4,"minecraft:glass_pane":1,"minecraft:lily_of_the_valley":1,"minecraft:crafting_table":1,"minecraft:torch":5,"minecraft:chest":2,"minecraft:tall_grass":1,"minecraft:cobblestone":15,"biomesoplenty:sprout":11,"minecraft:oak_planks":59,"minecraft:wall_torch":14,"minecraft:stripped_oak_wood":1,"minecraft:tnt":2,"minecraft:grass":37,"biomesoplenty:clover":21,"minecraft:oak_log":43,"minecraft:gravel":11,"minecraft:dirt":46,"minecraft:terracotta":3,"minecraft:wither_skeleton_skull":1,"minecraft:oak_leaves":13,"minecraft:fern":11},"minecraft:dropped":{"chileancraft:semilla_de_a_ji_cacho_de_cabra":2,"farmersdelight:iron_knife":1,"minecraft:torch":2,"minecraft:writable_book":2,"minecraft:oak_stairs":3,"artifacts:feral_claws":1,"minecraft:furnace":1,"minecraft:stone_axe":1,"minecraft:iron_boots":1,"spore:mutated_fiber":5,"patchouli:guide_book":1}},"DataVersion":3465}