{"stats":{"minecraft:dropped":{"chileancraft:diguenes":5,"minecraft:grass_block":1,"minecraft:torch":1,"minecraft:oak_stairs":1,"minecraft:cobbled_deepslate":1,"minecraft:rotten_flesh":1,"minecraft:stripped_oak_log":1,"supplementaries:ash":6,"chileancraft:telar_down":1,"minecraft:oak_wood":1,"chileancraft:telar_top":1,"minecraft:iron_bars":2,"minecraft:terracotta":1},"minecraft:killed_by":{"minecraft:spider":1,"spore:inf_human":2},"minecraft:crafted":{"minecraft:smooth_stone":3,"minecraft:oak_planks":140,"simpleplanes:booster":1,"simpleplanes:plane_workbench":1,"minecraft:cooked_chicken":4,"minecraft:furnace":3,"minecraft:blast_furnace":1,"minecraft:stone":4,"chileancraft:carne_de_caballo_cocida":1,"minecraft:cooked_mutton":10,"minecraft:flint_and_steel":1,"minecraft:bow":1,"minecraft:iron_axe":1,"minecraft:chest":5,"simpleplanes:propeller":2,"minecraft:dried_kelp_block":1,"simpleplanes:plane":1,"minecraft:cooked_beef":13,"ironchest:wood_to_iron_chest_upgrade":1,"sophisticatedbackpacks:backpack":1,"minecraft:diamond_axe":1,"minecraft:crafting_table":3,"simpleplanes:furnace_engine":1,"minecraft:dried_kelp":16,"minecraft:copper_ingot":6,"minecraft:gold_block":1,"minecraft:bucket":1,"minecraft:air":0,"minecraft:charcoal":9,"minecraft:diamond_pickaxe":1,"minecraft:light_weighted_pressure_plate":3,"minecraft:stick":12,"minecraft:iron_ingot":66,"minecraft:iron_pickaxe":1,"minecraft:iron_block":3,"minecraft:gold_ingot":13,"minecraft:anvil":1},"minecraft:picked_up":{"minecraft:crafting_table":3,"spore:mutated_heart":2,"minecraft:chicken":4,"minecraft:leather_leggings":1,"chileancraft:super_8":1,"minecraft:oak_stairs":8,"minecraft:brown_bed":1,"artifacts:chorus_totem":1,"minecraft:gold_block":1,"minecraft:music_disc_cat":1,"minecraft:string":2,"minecraft:raw_copper":6,"chileancraft:chemamull":1,"chileancraft:semilla_de_aji_verde":1,"minecraft:cracked_stone_bricks":1,"minecraft:cobbled_deepslate":18,"minecraft:candle":1,"minecraft:gold_nugget":21,"minecraft:beef":19,"minecraft:poppy":1,"minecraft:light_gray_wool":1,"chileancraft:carne_de_caballo":1,"minecraft:sugar_cane":3,"chileancraft:veinte_mil_pesos":1,"minecraft:furnace":1,"minecraft:tipped_arrow":1,"minecraft:stick":3,"minecraft:raw_iron":72,"apotheosis:gem":4,"minecraft:oak_fence":2,"minecraft:torch":30,"minecraft:green_bed":1,"chileancraft:moneda_de_100":3,"chileancraft:semilla_de_cebolla":2,"minecraft:brown_carpet":2,"minecraft:arrow":11,"minecraft:rotten_flesh":6,"chileancraft:telar_top":1,"chileancraft:telar_down":1,"biomesoplenty:redwood_sapling":3,"supplementaries:ash":17,"minecraft:obsidian":2,"minecraft:mutton":10,"minecraft:iron_bars":2,"minecraft:white_wool":7,"minecraft:cobblestone":108,"minecraft:stripped_oak_log":1,"chileancraft:plato_hondo_de_greda_cocida_item":1,"minecraft:leather_chestplate":1,"minecraft:feather":6,"chileancraft:diguenes":1,"minecraft:leather":9,"minecraft:smoker":1,"minecraft:oak_log":59,"minecraft:tuff":1,"minecraft:flint":2,"chileancraft:bola_de_greda":2,"supplementaries:flax_seeds":5,"chileancraft:lanza_2":10,"minecraft:gunpowder":6,"chileancraft:chicha":2,"minecraft:lapis_lazuli":20,"minecraft:dirt":111,"minecraft:leather_boots":1,"minecraft:bone":13,"minecraft:apple":1,"minecraft:kelp":23,"minecraft:bow":1,"minecraft:wheat_seeds":6,"minecraft:raw_gold":15,"chileancraft:semilla_de_uva_red_globe":1,"spore:mutated_fiber":21,"minecraft:stripped_oak_wood":1,"minecraft:mossy_stone_bricks":1,"chileancraft:moneda_de_10":3,"minecraft:book":3,"chileancraft:moneda_de_500":1,"spore:cerebrum":1,"simpleplanes:plane":4,"minecraft:gravel":6,"minecraft:sand":1,"chileancraft:semilla_de_choclo":1,"biomesoplenty:flowering_oak_sapling":1,"minecraft:mossy_cobblestone":1,"minecraft:spider_eye":1,"minecraft:leather_helmet":1,"chileancraft:moneda_de_50":1,"minecraft:oak_wood":4,"minecraft:diamond":3,"simpleplanes:large_plane":1,"minecraft:emerald":2,"spore:spine_fragment":2,"minecraft:oak_sapling":6,"minecraft:coal":21},"minecraft:used":{"ironchest:wood_to_iron_chest_upgrade":1,"minecraft:oak_fence":2,"minecraft:redstone":11,"minecraft:chest":4,"minecraft:torch":13,"minecraft:dirt":93,"minecraft:anvil":1,"minecraft:oak_wood":29,"minecraft:iron_axe":130,"minecraft:grass_block":58,"minecraft:oak_stairs":7,"chileancraft:chemamull":1,"minecraft:bow":1,"simpleplanes:plane":5,"minecraft:brown_carpet":2,"minecraft:oak_sapling":3,"minecraft:furnace":3,"minecraft:cooked_beef":13,"minecraft:cobbled_deepslate":9,"minecraft:observer":3,"minecraft:cooked_mutton":7,"minecraft:water_bucket":64,"minecraft:mossy_stone_bricks":1,"minecraft:oak_planks":7,"biomesoplenty:flowering_oak_sapling":1,"minecraft:diamond_axe":143,"chileancraft:plato_hondo_de_greda_cocida_item":1,"minecraft:cracked_stone_bricks":1,"minecraft:mossy_cobblestone":1,"minecraft:sand":11,"minecraft:terracotta":20,"minecraft:crafting_table":4,"chileancraft:semilla_de_cebolla":1,"minecraft:smoker":1,"minecraft:sticky_piston":1,"minecraft:oak_log":2,"minecraft:diamond_pickaxe":203,"minecraft:iron_pickaxe":73,"minecraft:gravel":3,"simpleplanes:plane_workbench":1,"simpleplanes:large_plane":2,"minecraft:cobblestone":17,"minecraft:stripped_oak_wood":2,"minecraft:bucket":6,"minecraft:kelp":7,"minecraft:stripped_oak_log":28},"minecraft:killed":{"minecraft:spider":3,"minecraft:horse":1,"minecraft:skeleton":5,"minecraft:chicken":4,"chileancraft:mapuche_hombre":1,"minecraft:skeleton_horse":1,"artifacts:mimic":1,"chileancraft:mujer_mapuche":1,"spore:inf_player":1,"minecraft:zombie_villager":1,"chileancraft:aldeano_huaso":2,"chileancraft:flaite":1,"minecraft:creeper":3,"chileancraft:aldeano_haitiano":1,"minecraft:sheep":8,"spore:inf_villager":2,"minecraft:zombie":4,"spore:inf_human":9,"minecraft:stray":1,"spore:inf_witch":1,"minecraft:cow":8},"minecraft:mined":{"minecraft:tuff":1,"minecraft:mossy_cobblestone":1,"minecraft:deepslate_diamond_ore":3,"minecraft:obsidian":2,"biomesoplenty:bush":3,"minecraft:grass_block":2,"biomesoplenty:flowering_oak_leaves":3,"minecraft:kelp":7,"minecraft:spawner":2,"minecraft:furnace":1,"minecraft:iron_ore":44,"minecraft:deepslate_lapis_ore":1,"minecraft:gold_block":1,"minecraft:brown_bed":1,"minecraft:bookshelf":1,"minecraft:deepslate_iron_ore":21,"minecraft:oak_stairs":7,"minecraft:iron_bars":2,"biomesoplenty:webbing":3,"minecraft:stone":106,"minecraft:green_bed":1,"minecraft:glass_pane":1,"minecraft:kelp_plant":2,"minecraft:lily_of_the_valley":1,"minecraft:smoker":1,"chileancraft:telar_top":1,"minecraft:brown_carpet":2,"minecraft:crafting_table":3,"minecraft:torch":6,"minecraft:oak_wood":4,"minecraft:copper_ore":2,"minecraft:cobblestone":3,"biomesoplenty:sprout":8,"minecraft:lapis_ore":2,"minecraft:deepslate_gold_ore":5,"minecraft:sugar_cane":1,"minecraft:wall_torch":2,"supplementaries:urn":14,"chileancraft:plato_hondo_de_greda_cocida":1,"minecraft:stripped_oak_wood":1,"minecraft:grass":20,"biomesoplenty:clover":9,"minecraft:oak_log":46,"minecraft:coal_ore":21,"minecraft:gravel":8,"minecraft:sand":1,"minecraft:dirt":13,"biomesoplenty:stringy_cobweb":1,"minecraft:cracked_stone_bricks":1,"chileancraft:chemamull":1,"minecraft:gold_ore":3,"minecraft:mossy_stone_bricks":1,"minecraft:oak_leaves":12,"minecraft:deepslate":18},"minecraft:custom":{"lootr:looted_stat":15,"minecraft:interact_with_anvil":1,"minecraft:mob_kills":66,"minecraft:interact_with_crafting_table":42,"minecraft:eat_cake_slice":1,"minecraft:leave_game":6,"minecraft:time_since_death":23005,"minecraft:sprint_one_cm":243416,"minecraft:walk_one_cm":209055,"minecraft:drop":15,"minecraft:talked_to_villager":3,"minecraft:play_time":125720,"minecraft:deaths":5,"minecraft:sneak_time":7191,"minecraft:walk_under_water_one_cm":56847,"minecraft:jump":1390,"minecraft:walk_on_water_one_cm":21743,"minecraft:total_world_time":125720,"minecraft:interact_with_furnace":67,"minecraft:sleep_in_bed":7,"minecraft:time_since_rest":5641,"minecraft:damage_taken":4525,"minecraft:damage_dealt":11709,"minecraft:swim_one_cm":20789,"minecraft:fly_one_cm":363445,"minecraft:open_chest":92,"minecraft:crouch_one_cm":19725,"minecraft:aviate_one_cm":956831,"minecraft:interact_with_smoker":11,"minecraft:fall_one_cm":44004,"minecraft:horse_one_cm":23517}},"DataVersion":3465}