{"stats":{"minecraft:dropped":{"chileancraft:diguenes":5,"minecraft:cobbled_deepslate":1,"minecraft:rotten_flesh":1,"chileancraft:telar_down":1,"chileancraft:telar_top":1,"minecraft:iron_bars":2},"minecraft:killed_by":{"minecraft:spider":1,"spore:inf_human":1},"minecraft:used":{"minecraft:chest":4,"minecraft:torch":6,"minecraft:dirt":32,"minecraft:iron_axe":130,"minecraft:grass_block":28,"chileancraft:chemamull":1,"simpleplanes:plane":2,"minecraft:brown_carpet":2,"minecraft:oak_sapling":3,"minecraft:furnace":3,"minecraft:cooked_beef":13,"minecraft:cobbled_deepslate":9,"minecraft:water_bucket":58,"minecraft:mossy_stone_bricks":1,"minecraft:oak_planks":4,"minecraft:diamond_axe":58,"chileancraft:plato_hondo_de_greda_cocida_item":1,"minecraft:cracked_stone_bricks":1,"minecraft:mossy_cobblestone":1,"minecraft:sand":11,"minecraft:crafting_table":3,"chileancraft:semilla_de_cebolla":1,"minecraft:smoker":1,"minecraft:diamond_pickaxe":89,"minecraft:iron_pickaxe":73,"simpleplanes:plane_workbench":1,"minecraft:cobblestone":17},"minecraft:crafted":{"minecraft:smooth_stone":3,"minecraft:oak_planks":96,"simpleplanes:plane_workbench":1,"minecraft:cooked_chicken":4,"minecraft:furnace":3,"minecraft:blast_furnace":1,"minecraft:stone":4,"chileancraft:carne_de_caballo_cocida":1,"minecraft:cooked_mutton":10,"minecraft:iron_axe":1,"minecraft:chest":5,"simpleplanes:propeller":2,"simpleplanes:plane":1,"minecraft:cooked_beef":13,"sophisticatedbackpacks:backpack":1,"minecraft:diamond_axe":1,"minecraft:crafting_table":2,"minecraft:copper_ingot":6,"minecraft:gold_block":1,"minecraft:air":0,"minecraft:charcoal":3,"minecraft:diamond_pickaxe":1,"minecraft:light_weighted_pressure_plate":3,"minecraft:stick":8,"minecraft:iron_ingot":18,"minecraft:iron_pickaxe":1,"minecraft:gold_ingot":13},"minecraft:picked_up":{"spore:mutated_heart":1,"minecraft:crafting_table":2,"minecraft:chicken":4,"minecraft:leather_leggings":1,"minecraft:oak_stairs":2,"minecraft:brown_bed":1,"artifacts:chorus_totem":1,"minecraft:music_disc_cat":1,"minecraft:string":2,"minecraft:raw_copper":6,"chileancraft:chemamull":1,"minecraft:cracked_stone_bricks":1,"minecraft:candle":1,"minecraft:cobbled_deepslate":10,"minecraft:gold_nugget":21,"minecraft:beef":19,"minecraft:light_gray_wool":1,"minecraft:sugar_cane":3,"chileancraft:carne_de_caballo":1,"chileancraft:veinte_mil_pesos":1,"minecraft:furnace":1,"minecraft:tipped_arrow":1,"minecraft:raw_iron":18,"minecraft:stick":3,"apotheosis:gem":4,"minecraft:torch":24,"chileancraft:moneda_de_100":3,"chileancraft:semilla_de_cebolla":1,"minecraft:brown_carpet":2,"minecraft:arrow":7,"minecraft:rotten_flesh":5,"chileancraft:telar_top":1,"chileancraft:telar_down":1,"supplementaries:ash":9,"minecraft:mutton":10,"minecraft:obsidian":2,"minecraft:iron_bars":2,"minecraft:white_wool":7,"minecraft:cobblestone":74,"chileancraft:plato_hondo_de_greda_cocida_item":1,"minecraft:feather":6,"chileancraft:diguenes":1,"minecraft:leather":9,"minecraft:smoker":1,"minecraft:oak_log":39,"minecraft:tuff":1,"supplementaries:flax_seeds":5,"chileancraft:lanza_2":9,"minecraft:gunpowder":2,"chileancraft:chicha":2,"minecraft:lapis_lazuli":20,"minecraft:dirt":32,"minecraft:bone":10,"minecraft:apple":1,"minecraft:bow":1,"minecraft:wheat_seeds":5,"minecraft:raw_gold":14,"spore:mutated_fiber":15,"minecraft:mossy_stone_bricks":1,"chileancraft:moneda_de_10":2,"minecraft:book":3,"chileancraft:moneda_de_500":1,"simpleplanes:plane":1,"minecraft:sand":1,"chileancraft:semilla_de_choclo":1,"minecraft:spider_eye":1,"minecraft:leather_helmet":1,"minecraft:mossy_cobblestone":1,"minecraft:oak_wood":1,"minecraft:diamond":3,"minecraft:oak_sapling":6,"spore:spine_fragment":2,"minecraft:coal":12},"minecraft:killed":{"minecraft:spider":3,"minecraft:horse":1,"minecraft:skeleton":3,"minecraft:chicken":4,"chileancraft:mapuche_hombre":1,"artifacts:mimic":1,"chileancraft:mujer_mapuche":1,"chileancraft:aldeano_huaso":2,"chileancraft:flaite":1,"minecraft:creeper":1,"minecraft:sheep":8,"spore:inf_villager":1,"minecraft:zombie":4,"spore:inf_human":7,"minecraft:stray":1,"minecraft:cow":8},"minecraft:mined":{"minecraft:tuff":1,"minecraft:mossy_cobblestone":1,"minecraft:deepslate_diamond_ore":3,"minecraft:obsidian":2,"biomesoplenty:bush":3,"minecraft:grass_block":1,"biomesoplenty:flowering_oak_leaves":2,"minecraft:spawner":2,"minecraft:furnace":1,"minecraft:iron_ore":16,"minecraft:deepslate_lapis_ore":1,"minecraft:brown_bed":1,"minecraft:bookshelf":1,"minecraft:iron_bars":2,"minecraft:deepslate_iron_ore":2,"minecraft:oak_stairs":2,"biomesoplenty:webbing":1,"minecraft:stone":72,"minecraft:lily_of_the_valley":1,"minecraft:smoker":1,"chileancraft:telar_top":1,"minecraft:brown_carpet":2,"minecraft:crafting_table":2,"minecraft:torch":4,"minecraft:oak_wood":1,"minecraft:copper_ore":2,"minecraft:cobblestone":3,"minecraft:lapis_ore":2,"biomesoplenty:sprout":4,"minecraft:deepslate_gold_ore":4,"minecraft:sugar_cane":1,"minecraft:wall_torch":1,"supplementaries:urn":9,"chileancraft:plato_hondo_de_greda_cocida":1,"minecraft:grass":10,"biomesoplenty:clover":9,"minecraft:oak_log":28,"minecraft:coal_ore":12,"minecraft:sand":1,"minecraft:dirt":3,"biomesoplenty:stringy_cobweb":1,"minecraft:cracked_stone_bricks":1,"chileancraft:chemamull":1,"minecraft:mossy_stone_bricks":1,"minecraft:gold_ore":3,"minecraft:oak_leaves":7,"minecraft:deepslate":10},"minecraft:custom":{"lootr:looted_stat":12,"minecraft:mob_kills":52,"minecraft:interact_with_crafting_table":30,"minecraft:eat_cake_slice":1,"minecraft:time_since_death":3997,"minecraft:sprint_one_cm":147359,"minecraft:walk_one_cm":113093,"minecraft:drop":8,"minecraft:talked_to_villager":2,"minecraft:play_time":63302,"minecraft:deaths":2,"minecraft:sneak_time":4351,"minecraft:walk_under_water_one_cm":27609,"minecraft:jump":909,"minecraft:walk_on_water_one_cm":11251,"minecraft:total_world_time":63302,"minecraft:interact_with_furnace":51,"minecraft:sleep_in_bed":3,"minecraft:time_since_rest":4045,"minecraft:damage_taken":2642,"minecraft:damage_dealt":8542,"minecraft:swim_one_cm":825,"minecraft:fly_one_cm":233798,"minecraft:open_chest":49,"minecraft:crouch_one_cm":13459,"minecraft:aviate_one_cm":680025,"minecraft:interact_with_smoker":6,"minecraft:fall_one_cm":29718,"minecraft:horse_one_cm":23517}},"DataVersion":3465}