{"stats":{"minecraft:used":{"minecraft:dirt":1},"minecraft:dropped":{"minecraft:wheat_seeds":1},"minecraft:picked_up":{"minecraft:wheat_seeds":1,"minecraft:dirt":1},"minecraft:mined":{"minecraft:grass":2,"minecraft:grass_block":1},"minecraft:custom":{"minecraft:jump":63,"minecraft:time_since_rest":1588,"minecraft:damage_dealt":56,"minecraft:leave_game":2,"minecraft:play_time":1588,"minecraft:sprint_one_cm":3243,"minecraft:damage_taken":170,"minecraft:time_since_death":1588,"minecraft:walk_one_cm":1413,"minecraft:total_world_time":1588,"minecraft:drop":1,"minecraft:fall_one_cm":1983,"minecraft:fly_one_cm":13588}},"DataVersion":3465}