{"stats":{"minecraft:broken":{"minecraft:iron_axe":1},"minecraft:mined":{"minecraft:spruce_planks":9,"minecraft:infested_stone_bricks":1,"minecraft:jungle_leaves":8,"minecraft:crafting_table":1,"biomesoplenty:mahogany_planks":9,"minecraft:stone_slab":1,"biomesoplenty:dried_salt":1,"minecraft:oak_planks":13,"minecraft:chiseled_stone_bricks":1,"minecraft:spawner":1,"minecraft:jungle_wood":3,"minecraft:furnace":9,"biomesoplenty:mahogany_log":8,"minecraft:moss_carpet":3,"minecraft:gold_block":2,"minecraft:infested_mossy_stone_bricks":1,"minecraft:oak_log":6,"biomesoplenty:mahogany_leaves":1,"minecraft:gravel":1,"minecraft:sand":3,"minecraft:infested_cracked_stone_bricks":2,"minecraft:stone":6,"minecraft:stone_bricks":2,"minecraft:mossy_stone_bricks":2},"minecraft:picked_up":{"minecraft:crafting_table":1,"biomesoplenty:dried_salt":3,"minecraft:cut_sandstone":2,"minecraft:leather":1,"minecraft:jungle_wood":3,"minecraft:wooden_pickaxe":1,"minecraft:gold_block":2,"minecraft:oak_log":6,"minecraft:shield":1,"minecraft:moss_carpet":1,"minecraft:orange_terracotta":1,"minecraft:bone":1,"minecraft:stone_bricks":3,"minecraft:diamond_leggings":1,"minecraft:spruce_planks":11,"minecraft:mossy_stone_bricks":2,"minecraft:oak_planks":13,"biomesoplenty:mahogany_planks":7,"minecraft:furnace":9,"minecraft:stick":2,"minecraft:sandstone":8,"apotheosis:gem":10,"minecraft:chiseled_stone_bricks":1,"minecraft:torch":3,"minecraft:stripped_acacia_wood":1,"minecraft:sand":2,"biomesoplenty:wilted_lily":2,"minecraft:porkchop":8,"minecraft:chiseled_sandstone":1,"minecraft:golden_chestplate":1,"biomesoplenty:mahogany_log":31,"minecraft:rotten_flesh":6,"biomesoplenty:mahogany_sapling":1,"supplementaries:ash":1,"minecraft:cobblestone":6},"minecraft:crafted":{"minecraft:oak_planks":24,"minecraft:crafting_table":1,"biomesoplenty:mahogany_planks":124,"minecraft:oak_trapdoor":2,"minecraft:iron_axe":1,"minecraft:stick":8,"minecraft:iron_ingot":21,"minecraft:iron_pickaxe":1},"minecraft:killed":{"minecraft:husk":4,"minecraft:phantom":1,"minecraft:skeleton":4,"minecraft:zombie":1,"minecraft:silverfish":97,"minecraft:wither_skeleton":2},"minecraft:dropped":{"minecraft:golden_chestplate":2,"minecraft:rotten_flesh":1,"minecraft:leather":1,"minecraft:stripped_acacia_wood":1,"minecraft:stick":2,"origins:orb_of_origin":1,"minecraft:shield":1,"biomesoplenty:wilted_lily":2},"minecraft:used":{"minecraft:oak_trapdoor":2,"minecraft:trident":8,"minecraft:stripped_acacia_wood":21,"biomesoplenty:mahogany_planks":59,"minecraft:moss_carpet":1,"minecraft:mossy_stone_bricks":2,"minecraft:oak_planks":20,"minecraft:spruce_planks":2,"minecraft:shield":1,"minecraft:cut_sandstone":2,"minecraft:redstone_block":1,"minecraft:torch":17,"minecraft:jungle_wood":3,"simplyswords:diamond_greataxe":157,"minecraft:sand":2,"minecraft:crafting_table":2,"minecraft:crossbow":2,"minecraft:iron_axe":137,"minecraft:iron_pickaxe":32,"minecraft:iron_boots":1,"minecraft:stone_bricks":3,"biomesoplenty:dried_salt":1,"minecraft:golden_sword":28,"minecraft:cobblestone":6,"supplementaries:ash":1,"minecraft:goat_horn":1,"alexscaves:nuclear_bomb":1,"minecraft:cooked_beef":28,"minecraft:splash_potion":1},"minecraft:custom":{"lootr:looted_stat":26,"minecraft:mob_kills":109,"minecraft:interact_with_crafting_table":4,"minecraft:damage_dealt_resisted":0,"minecraft:leave_game":1,"minecraft:time_since_death":49683,"minecraft:climb_one_cm":7973,"minecraft:damage_resisted":0,"minecraft:time_since_rest":49683,"minecraft:sprint_one_cm":119750,"minecraft:damage_taken":3000,"minecraft:walk_one_cm":72211,"minecraft:damage_blocked_by_shield":65,"minecraft:drop":10,"minecraft:damage_dealt":12411,"minecraft:fly_one_cm":234468,"minecraft:crouch_one_cm":7308,"minecraft:play_time":49683,"minecraft:sneak_time":2601,"minecraft:walk_under_water_one_cm":681,"minecraft:aviate_one_cm":205419,"minecraft:jump":914,"minecraft:walk_on_water_one_cm":2342,"minecraft:total_world_time":49683,"minecraft:fall_one_cm":26094}},"DataVersion":3465}