{"stats":{"minecraft:mined":{"chileancraft:mena_desalitre":4,"minecraft:deepslate_diamond_ore":4,"minecraft:candle":3,"minecraft:dark_oak_log":1,"minecraft:granite":3,"minecraft:white_concrete":1,"biomesoplenty:dried_salt":4,"minecraft:spawner":4,"minecraft:furnace":2,"minecraft:iron_ore":18,"minecraft:deepslate_lapis_ore":4,"minecraft:deepslate_iron_ore":7,"minecraft:vine":4,"minecraft:stone":47,"chileancraft:tronco_de_araucaria":2,"minecraft:blackstone":4,"minecraft:oak_fence":1,"minecraft:crafting_table":2,"minecraft:torch":5,"minecraft:blast_furnace":2,"chileancraft:remolino":2,"minecraft:tall_grass":5,"minecraft:cobblestone":10,"minecraft:deepslate_gold_ore":3,"minecraft:iron_door":1,"minecraft:wall_torch":3,"supplementaries:urn":3,"chileancraft:copihue_0":1,"minecraft:coal_ore":16,"minecraft:dirt":8},"minecraft:picked_up":{"minecraft:crafting_table":4,"spore:mutated_heart":1,"minecraft:azure_bluet":1,"minecraft:turtle_helmet":1,"chileancraft:super_8":5,"minecraft:string":1,"minecraft:iron_axe":1,"minecraft:blackstone":3,"minecraft:candle":7,"minecraft:beef":5,"minecraft:furnace":2,"minecraft:iron_boots":1,"minecraft:raw_iron":25,"apotheosis:gem":2,"minecraft:oak_fence":1,"chileancraft:remolino":2,"minecraft:torch":9,"minecraft:acacia_log":2,"chileancraft:moneda_de_100":60,"chileancraft:tronco_de_araucaria":2,"minecraft:trident":1,"minecraft:rotten_flesh":11,"minecraft:stone_sword":1,"minecraft:arrow":14,"supplementaries:antique_ink":3,"supplementaries:ash":6,"minecraft:cobblestone":61,"minecraft:iron_door":1,"biomesoplenty:dried_salt":3,"minecraft:leather":6,"chileancraft:sopaipilla":8,"chileancraft:salitre":8,"minecraft:gunpowder":1,"minecraft:lapis_lazuli":24,"chileancraft:chicha":5,"minecraft:dirt":8,"chileancraft:diez_mil_pesos":1,"minecraft:bone":23,"minecraft:bow":1,"minecraft:wheat_seeds":1,"minecraft:raw_gold":3,"minecraft:iron_ingot":1,"spore:mutated_fiber":38,"chileancraft:pinones":4,"chileancraft:cuchuflis":5,"chileancraft:moneda_de_10":27,"chileancraft:moneda_de_500":23,"spore:cerebrum":2,"minecraft:blast_furnace":2,"minecraft:dark_oak_log":13,"chileancraft:moneda_de_50":27,"minecraft:diamond":4,"minecraft:stone_axe":2,"chileancraft:copihue":3,"minecraft:granite":3,"minecraft:white_concrete":1,"minecraft:coal":49,"minecraft:ender_pearl":1},"minecraft:killed_by":{"minecraft:creeper":2,"spore:inf_human":1,"spore:inf_pillager":1,"chileancraft:paco":1,"spore:inf_player":3,"minecraft:skeleton":1,"minecraft:zombie":1},"minecraft:custom":{"lootr:looted_stat":13,"minecraft:mob_kills":80,"minecraft:interact_with_crafting_table":6,"minecraft:leave_game":3,"minecraft:time_since_death":30950,"minecraft:climb_one_cm":2131,"minecraft:sprint_one_cm":149386,"minecraft:walk_one_cm":131780,"minecraft:damage_blocked_by_shield":583,"minecraft:drop":44,"minecraft:talked_to_villager":4,"minecraft:play_time":109642,"minecraft:deaths":16,"minecraft:sneak_time":2724,"minecraft:walk_under_water_one_cm":15318,"minecraft:jump":1038,"minecraft:interact_with_blast_furnace":5,"minecraft:walk_on_water_one_cm":21149,"minecraft:total_world_time":109642,"minecraft:interact_with_furnace":16,"minecraft:time_since_rest":30992,"minecraft:damage_taken":4715,"minecraft:damage_dealt":6414,"minecraft:swim_one_cm":4018,"minecraft:fly_one_cm":469392,"minecraft:player_kills":7,"minecraft:open_chest":3,"minecraft:crouch_one_cm":4655,"minecraft:aviate_one_cm":202677,"minecraft:fall_one_cm":40806},"minecraft:used":{"minecraft:red_sand":5,"minecraft:iron_shovel":8,"minecraft:stone_sword":99,"minecraft:chest":2,"minecraft:shield":11,"minecraft:rotten_flesh":2,"minecraft:torch":15,"minecraft:dirt":5,"create:white_sail":14,"create:brown_seat":1,"minecraft:villager_spawn_egg":1,"cgm:shotgun":16,"minecraft:iron_axe":2,"create:creative_motor":2,"chileancraft:escudinho":7,"simpleplanes:plane":1,"minecraft:furnace":2,"minecraft:cooked_beef":5,"minecraft:water_bucket":2,"cgm:pistol":169,"minecraft:stone_pickaxe":78,"minecraft:oak_planks":78,"cgm:stun_grenade":10,"minecraft:ender_pearl":1,"minecraft:blackstone":3,"chileancraft:tronco_de_araucaria":2,"minecraft:wooden_pickaxe":7,"minecraft:crafting_table":2,"minecraft:blast_furnace":1,"minecraft:diamond_pickaxe":15,"minecraft:iron_pickaxe":43,"chileancraft:remolino":1,"minecraft:iron_door":1,"biomesoplenty:dried_salt":3,"minecraft:stone_axe":31,"minecraft:diamond_sword":3,"minecraft:cobblestone":41,"minecraft:bucket":3,"minecraft:splash_potion":2},"minecraft:killed":{"minecraft:cave_spider":2,"minecraft:spider":3,"chileancraft:paco":1,"minecraft:skeleton":9,"minecraft:silverfish":7,"chileancraft:vendedor_de_la_ligua":2,"spore:inf_player":7,"spore:inf_wanderer":1,"chileancraft:aldeano_huaso":1,"spore:inf_drowned":1,"chileancraft:tio_aceite":1,"minecraft:creeper":4,"spore:inf_pillager":2,"chileancraft:organillerotest":1,"spore:inf_villager":4,"minecraft:zombie":12,"spore:inf_human":15,"spore:inf_witch":1,"creeperoverhaul:savannah_creeper":1,"minecraft:cow":3},"minecraft:crafted":{"minecraft:furnace":1,"minecraft:stone_pickaxe":1,"minecraft:dark_oak_planks":52,"minecraft:cooked_beef":5,"minecraft:crafting_table":1,"minecraft:wooden_pickaxe":1,"minecraft:air":0,"minecraft:shield":1,"minecraft:stick":16,"minecraft:iron_ingot":19,"minecraft:iron_pickaxe":1,"minecraft:stone_sword":1,"minecraft:acacia_planks":8,"minecraft:torch":8},"minecraft:dropped":{"minecraft:iron_ingot":12,"minecraft:wheat_seeds":1,"chileancraft:cuchuflis":5,"chileancraft:diez_mil_pesos":2,"minecraft:crafting_table":3,"minecraft:oak_fence":1,"chileancraft:remolino":1,"chileancraft:pinones":8,"minecraft:torch":1,"chileancraft:chicha":5,"minecraft:dark_oak_planks":17,"minecraft:bone":6,"minecraft:stone_axe":2,"cgm:pistol":1,"minecraft:stone_sword":1,"minecraft:rotten_flesh":7,"chileancraft:super_8":5,"supplementaries:antique_ink":3,"supplementaries:ash":5,"minecraft:turtle_helmet":1,"minecraft:shield":1,"minecraft:gunpowder":1,"cgm:basic_bullet":104,"apotheosis:gem":2,"minecraft:red_sand":1,"minecraft:bow":1,"minecraft:wooden_pickaxe":1,"minecraft:stone_pickaxe":1,"chileancraft:sopaipilla":7}},"DataVersion":3465}