{"stats":{"minecraft:dropped":{"chileancraft:telar_down":1,"chileancraft:telar_top":1,"minecraft:iron_bars":2,"chileancraft:diguenes":5},"minecraft:used":{"minecraft:iron_axe":38,"minecraft:oak_planks":4,"minecraft:iron_pickaxe":13,"minecraft:dirt":1,"minecraft:crafting_table":3,"minecraft:furnace":2,"chileancraft:semilla_de_cebolla":1,"minecraft:cooked_beef":2},"minecraft:crafted":{"minecraft:cooked_beef":2,"minecraft:oak_planks":32,"minecraft:iron_axe":1,"minecraft:crafting_table":1,"minecraft:stick":8,"minecraft:iron_pickaxe":1,"minecraft:furnace":1,"minecraft:air":0},"minecraft:picked_up":{"minecraft:book":3,"chileancraft:plato_hondo_de_greda_cocida_item":1,"minecraft:crafting_table":2,"chileancraft:diguenes":1,"minecraft:leather":3,"minecraft:oak_stairs":2,"minecraft:brown_bed":1,"minecraft:oak_log":31,"chileancraft:lanza_2":2,"minecraft:dirt":1,"chileancraft:semilla_de_cebolla":1,"minecraft:oak_wood":1,"minecraft:arrow":1,"chileancraft:chemamull":1,"chileancraft:telar_top":1,"minecraft:beef":14,"chileancraft:telar_down":1,"minecraft:iron_bars":2,"minecraft:furnace":1,"minecraft:cobblestone":8},"minecraft:killed":{"chileancraft:mapuche_hombre":1,"minecraft:cow":4,"chileancraft:mujer_mapuche":1},"minecraft:mined":{"minecraft:furnace":1,"chileancraft:plato_hondo_de_greda_cocida":1,"chileancraft:telar_top":1,"minecraft:crafting_table":2,"minecraft:brown_bed":1,"minecraft:grass":1,"minecraft:oak_wood":1,"biomesoplenty:clover":1,"minecraft:bookshelf":1,"minecraft:oak_log":20,"minecraft:oak_stairs":2,"minecraft:iron_bars":2,"biomesoplenty:flowering_oak_leaves":2,"minecraft:dirt":1,"chileancraft:chemamull":1,"biomesoplenty:sprout":1,"minecraft:stone":8,"minecraft:oak_leaves":4},"minecraft:custom":{"minecraft:time_since_rest":891,"minecraft:interact_with_furnace":8,"lootr:looted_stat":3,"minecraft:sprint_one_cm":35756,"minecraft:damage_taken":260,"minecraft:walk_one_cm":22915,"minecraft:mob_kills":6,"minecraft:drop":6,"minecraft:damage_dealt":601,"minecraft:talked_to_villager":1,"minecraft:interact_with_crafting_table":2,"minecraft:fly_one_cm":51390,"minecraft:crouch_one_cm":74,"minecraft:play_time":15302,"minecraft:sneak_time":19,"minecraft:walk_under_water_one_cm":951,"minecraft:aviate_one_cm":418546,"minecraft:jump":199,"minecraft:walk_on_water_one_cm":1090,"minecraft:time_since_death":15302,"minecraft:sleep_in_bed":1,"minecraft:total_world_time":15302,"minecraft:fall_one_cm":8104,"minecraft:horse_one_cm":20}},"DataVersion":3465}