{"stats":{"minecraft:dropped":{"minecraft:rotten_flesh":1,"chileancraft:diguenes":5,"chileancraft:telar_down":1,"chileancraft:telar_top":1,"minecraft:iron_bars":2},"minecraft:used":{"minecraft:water_bucket":58,"minecraft:oak_planks":4,"minecraft:chest":2,"chileancraft:plato_hondo_de_greda_cocida_item":1,"minecraft:dirt":1,"minecraft:crafting_table":3,"chileancraft:semilla_de_cebolla":1,"minecraft:grass_block":28,"minecraft:iron_axe":58,"minecraft:iron_pickaxe":47,"chileancraft:chemamull":1,"minecraft:cobblestone":6,"minecraft:furnace":2,"minecraft:oak_sapling":3,"minecraft:cooked_beef":6,"minecraft:cobbled_deepslate":1},"minecraft:picked_up":{"chileancraft:plato_hondo_de_greda_cocida_item":1,"minecraft:crafting_table":2,"chileancraft:diguenes":1,"minecraft:leather":3,"minecraft:oak_stairs":2,"minecraft:brown_bed":1,"artifacts:chorus_totem":1,"minecraft:oak_log":31,"chileancraft:lanza_2":2,"chileancraft:chicha":1,"minecraft:dirt":2,"minecraft:bone":4,"chileancraft:chemamull":1,"minecraft:apple":1,"minecraft:cracked_stone_bricks":1,"minecraft:wheat_seeds":3,"minecraft:cobbled_deepslate":2,"minecraft:raw_gold":10,"minecraft:beef":14,"minecraft:mossy_stone_bricks":1,"minecraft:sugar_cane":3,"chileancraft:moneda_de_10":1,"minecraft:furnace":1,"minecraft:book":3,"chileancraft:moneda_de_500":1,"minecraft:stick":1,"minecraft:raw_iron":4,"chileancraft:moneda_de_100":1,"chileancraft:semilla_de_cebolla":1,"minecraft:oak_wood":1,"minecraft:arrow":1,"minecraft:rotten_flesh":1,"chileancraft:telar_top":1,"chileancraft:telar_down":1,"supplementaries:ash":5,"minecraft:oak_sapling":3,"minecraft:coal":6,"minecraft:iron_bars":2,"minecraft:cobblestone":20},"minecraft:crafted":{"minecraft:cooked_beef":8,"minecraft:oak_planks":32,"minecraft:crafting_table":1,"minecraft:furnace":1,"minecraft:air":0,"minecraft:charcoal":3,"minecraft:iron_axe":1,"minecraft:stick":8,"minecraft:iron_pickaxe":1,"minecraft:chest":2},"minecraft:killed":{"chileancraft:aldeano_huaso":2,"minecraft:skeleton":1,"minecraft:zombie":1,"chileancraft:mapuche_hombre":1,"artifacts:mimic":1,"minecraft:cow":4,"chileancraft:mujer_mapuche":1},"minecraft:mined":{"chileancraft:telar_top":1,"minecraft:crafting_table":2,"biomesoplenty:bush":3,"minecraft:oak_wood":1,"minecraft:grass_block":1,"biomesoplenty:flowering_oak_leaves":2,"minecraft:cobblestone":1,"biomesoplenty:sprout":3,"minecraft:sugar_cane":1,"minecraft:spawner":1,"supplementaries:urn":3,"chileancraft:plato_hondo_de_greda_cocida":1,"minecraft:furnace":1,"minecraft:iron_ore":3,"minecraft:brown_bed":1,"minecraft:grass":7,"minecraft:coal_ore":6,"biomesoplenty:clover":7,"minecraft:bookshelf":1,"minecraft:oak_log":20,"biomesoplenty:webbing":1,"minecraft:deepslate_iron_ore":1,"minecraft:oak_stairs":2,"minecraft:iron_bars":2,"biomesoplenty:stringy_cobweb":1,"minecraft:dirt":1,"minecraft:cracked_stone_bricks":1,"chileancraft:chemamull":1,"minecraft:mossy_stone_bricks":1,"minecraft:stone":19,"minecraft:gold_ore":3,"minecraft:deepslate":2,"minecraft:oak_leaves":4},"minecraft:custom":{"lootr:looted_stat":8,"minecraft:interact_with_furnace":11,"minecraft:mob_kills":11,"minecraft:interact_with_crafting_table":4,"minecraft:time_since_death":27302,"minecraft:sleep_in_bed":1,"minecraft:time_since_rest":12891,"minecraft:sprint_one_cm":70718,"minecraft:damage_taken":499,"minecraft:walk_one_cm":36650,"minecraft:drop":7,"minecraft:damage_dealt":2091,"minecraft:swim_one_cm":825,"minecraft:talked_to_villager":2,"minecraft:fly_one_cm":119947,"minecraft:open_chest":1,"minecraft:crouch_one_cm":4476,"minecraft:play_time":27302,"minecraft:sneak_time":1382,"minecraft:walk_under_water_one_cm":2835,"minecraft:aviate_one_cm":453540,"minecraft:jump":418,"minecraft:walk_on_water_one_cm":6702,"minecraft:total_world_time":27302,"minecraft:fall_one_cm":16578,"minecraft:horse_one_cm":20}},"DataVersion":3465}