{"stats":{"minecraft:mined":{"minecraft:oak_log":6,"minecraft:sand":3,"biomesoplenty:dried_salt":1},"minecraft:picked_up":{"minecraft:orange_terracotta":1,"minecraft:sandstone":8,"biomesoplenty:dried_salt":3,"minecraft:cut_sandstone":2,"biomesoplenty:wilted_lily":2,"minecraft:sand":2,"minecraft:oak_log":6,"supplementaries:ash":1,"minecraft:chiseled_sandstone":1},"minecraft:crafted":{"minecraft:oak_planks":24},"minecraft:killed":{"minecraft:zombie":1},"minecraft:dropped":{"origins:orb_of_origin":1},"minecraft:used":{"biomesoplenty:dried_salt":1,"minecraft:sand":1,"supplementaries:ash":1,"minecraft:goat_horn":1,"minecraft:crossbow":1,"minecraft:cut_sandstone":2,"minecraft:cooked_beef":4,"alexscaves:nuclear_bomb":1,"minecraft:redstone_block":1},"minecraft:custom":{"minecraft:time_since_rest":15743,"lootr:looted_stat":3,"minecraft:crouch_one_cm":295,"minecraft:play_time":15743,"minecraft:sprint_one_cm":37011,"minecraft:damage_taken":723,"minecraft:walk_one_cm":18941,"minecraft:walk_under_water_one_cm":129,"minecraft:sneak_time":266,"minecraft:mob_kills":1,"minecraft:drop":1,"minecraft:aviate_one_cm":91220,"minecraft:damage_dealt_resisted":0,"minecraft:jump":276,"minecraft:damage_dealt":117,"minecraft:walk_on_water_one_cm":1428,"minecraft:time_since_death":15743,"minecraft:total_world_time":15743,"minecraft:fall_one_cm":10417,"minecraft:fly_one_cm":111272}},"DataVersion":3465}