{"stats":{"minecraft:dropped":{"minecraft:cobbled_deepslate":1,"minecraft:rotten_flesh":1,"chileancraft:diguenes":5,"chileancraft:telar_down":1,"chileancraft:telar_top":1,"minecraft:iron_bars":2},"minecraft:killed_by":{"minecraft:spider":1},"minecraft:used":{"minecraft:mossy_stone_bricks":1,"minecraft:water_bucket":58,"minecraft:oak_planks":4,"minecraft:chest":2,"chileancraft:plato_hondo_de_greda_cocida_item":1,"minecraft:cracked_stone_bricks":1,"minecraft:torch":2,"minecraft:mossy_cobblestone":1,"minecraft:sand":11,"minecraft:dirt":2,"minecraft:crafting_table":3,"chileancraft:semilla_de_cebolla":1,"minecraft:grass_block":28,"minecraft:iron_axe":114,"minecraft:iron_pickaxe":73,"minecraft:brown_carpet":2,"chileancraft:chemamull":1,"minecraft:cobblestone":14,"minecraft:furnace":2,"minecraft:oak_sapling":3,"minecraft:cooked_beef":8,"minecraft:cobbled_deepslate":9},"minecraft:picked_up":{"chileancraft:plato_hondo_de_greda_cocida_item":1,"minecraft:crafting_table":2,"chileancraft:diguenes":1,"minecraft:leather_leggings":1,"minecraft:leather":5,"minecraft:oak_stairs":2,"minecraft:brown_bed":1,"artifacts:chorus_totem":1,"minecraft:oak_log":31,"chileancraft:lanza_2":2,"chileancraft:chicha":1,"minecraft:string":1,"minecraft:dirt":2,"minecraft:bone":10,"chileancraft:chemamull":1,"minecraft:apple":1,"minecraft:cracked_stone_bricks":1,"minecraft:wheat_seeds":3,"minecraft:cobbled_deepslate":10,"minecraft:raw_gold":13,"minecraft:beef":14,"spore:mutated_fiber":13,"minecraft:mossy_stone_bricks":1,"chileancraft:carne_de_caballo":1,"minecraft:sugar_cane":3,"chileancraft:moneda_de_10":1,"minecraft:furnace":1,"minecraft:book":3,"chileancraft:moneda_de_500":1,"minecraft:stick":1,"minecraft:raw_iron":5,"apotheosis:gem":2,"minecraft:torch":12,"chileancraft:moneda_de_100":1,"minecraft:sand":1,"minecraft:brown_carpet":2,"minecraft:mossy_cobblestone":1,"minecraft:leather_helmet":1,"minecraft:diamond":2,"chileancraft:semilla_de_cebolla":1,"minecraft:oak_wood":1,"minecraft:arrow":3,"minecraft:rotten_flesh":3,"chileancraft:telar_top":1,"spore:spine_fragment":2,"chileancraft:telar_down":1,"supplementaries:ash":5,"minecraft:oak_sapling":3,"minecraft:coal":6,"minecraft:iron_bars":2,"minecraft:cobblestone":22},"minecraft:crafted":{"minecraft:cooked_beef":8,"minecraft:oak_planks":64,"sophisticatedbackpacks:backpack":1,"minecraft:crafting_table":2,"minecraft:furnace":1,"chileancraft:carne_de_caballo_cocida":1,"minecraft:air":0,"minecraft:charcoal":3,"minecraft:iron_axe":1,"minecraft:stick":8,"minecraft:iron_pickaxe":1,"minecraft:chest":3},"minecraft:killed":{"chileancraft:aldeano_huaso":2,"minecraft:spider":2,"minecraft:horse":1,"spore:inf_villager":1,"minecraft:skeleton":2,"minecraft:zombie":3,"spore:inf_human":5,"chileancraft:mapuche_hombre":1,"artifacts:mimic":1,"minecraft:cow":4,"chileancraft:mujer_mapuche":1},"minecraft:mined":{"minecraft:mossy_cobblestone":1,"minecraft:deepslate_diamond_ore":2,"minecraft:lily_of_the_valley":1,"chileancraft:telar_top":1,"minecraft:brown_carpet":2,"minecraft:crafting_table":2,"minecraft:torch":2,"biomesoplenty:bush":3,"minecraft:oak_wood":1,"minecraft:grass_block":1,"biomesoplenty:flowering_oak_leaves":2,"minecraft:cobblestone":3,"minecraft:deepslate_gold_ore":3,"biomesoplenty:sprout":3,"minecraft:sugar_cane":1,"minecraft:spawner":2,"supplementaries:urn":4,"chileancraft:plato_hondo_de_greda_cocida":1,"minecraft:furnace":1,"minecraft:iron_ore":3,"minecraft:brown_bed":1,"minecraft:grass":8,"minecraft:coal_ore":6,"biomesoplenty:clover":7,"minecraft:bookshelf":1,"minecraft:oak_log":20,"biomesoplenty:webbing":1,"minecraft:deepslate_iron_ore":2,"minecraft:oak_stairs":2,"minecraft:iron_bars":2,"minecraft:sand":1,"biomesoplenty:stringy_cobweb":1,"minecraft:dirt":1,"minecraft:cracked_stone_bricks":1,"chileancraft:chemamull":1,"minecraft:mossy_stone_bricks":1,"minecraft:stone":19,"minecraft:gold_ore":3,"minecraft:deepslate":10,"minecraft:oak_leaves":6},"minecraft:custom":{"lootr:looted_stat":10,"minecraft:interact_with_furnace":14,"minecraft:mob_kills":27,"minecraft:interact_with_crafting_table":7,"minecraft:time_since_death":7297,"minecraft:sleep_in_bed":2,"minecraft:time_since_rest":7115,"minecraft:sprint_one_cm":102001,"minecraft:damage_taken":1611,"minecraft:walk_one_cm":72035,"minecraft:drop":8,"minecraft:damage_dealt":5029,"minecraft:deaths":1,"minecraft:swim_one_cm":825,"minecraft:talked_to_villager":2,"minecraft:fly_one_cm":161612,"minecraft:open_chest":6,"minecraft:crouch_one_cm":8301,"minecraft:play_time":39302,"minecraft:sneak_time":2587,"minecraft:walk_under_water_one_cm":3305,"minecraft:aviate_one_cm":473242,"minecraft:jump":634,"minecraft:walk_on_water_one_cm":7028,"minecraft:total_world_time":39302,"minecraft:fall_one_cm":21015,"minecraft:horse_one_cm":23517}},"DataVersion":3465}