{"stats":{"minecraft:dropped":{"chileancraft:diguenes":5,"minecraft:cobbled_deepslate":1,"minecraft:rotten_flesh":1,"chileancraft:telar_down":1,"chileancraft:telar_top":1,"minecraft:iron_bars":2},"minecraft:killed_by":{"minecraft:spider":1},"minecraft:used":{"minecraft:chest":4,"minecraft:torch":2,"minecraft:dirt":13,"minecraft:iron_axe":130,"minecraft:grass_block":28,"chileancraft:chemamull":1,"minecraft:brown_carpet":2,"minecraft:oak_sapling":3,"minecraft:furnace":3,"minecraft:cooked_beef":10,"minecraft:cobbled_deepslate":9,"minecraft:water_bucket":58,"minecraft:mossy_stone_bricks":1,"minecraft:oak_planks":4,"minecraft:diamond_axe":5,"chileancraft:plato_hondo_de_greda_cocida_item":1,"minecraft:cracked_stone_bricks":1,"minecraft:mossy_cobblestone":1,"minecraft:sand":11,"minecraft:crafting_table":3,"chileancraft:semilla_de_cebolla":1,"minecraft:diamond_pickaxe":22,"minecraft:iron_pickaxe":73,"simpleplanes:plane_workbench":1,"minecraft:cobblestone":14},"minecraft:crafted":{"minecraft:oak_planks":64,"simpleplanes:plane_workbench":1,"minecraft:cooked_chicken":4,"minecraft:furnace":2,"chileancraft:carne_de_caballo_cocida":1,"minecraft:cooked_mutton":2,"minecraft:iron_axe":1,"minecraft:chest":5,"simpleplanes:propeller":1,"simpleplanes:plane":1,"minecraft:cooked_beef":13,"sophisticatedbackpacks:backpack":1,"minecraft:diamond_axe":1,"minecraft:crafting_table":2,"minecraft:gold_block":1,"minecraft:air":0,"minecraft:charcoal":3,"minecraft:diamond_pickaxe":1,"minecraft:stick":8,"minecraft:iron_ingot":9,"minecraft:iron_pickaxe":1,"minecraft:gold_ingot":13},"minecraft:picked_up":{"minecraft:crafting_table":2,"minecraft:chicken":4,"minecraft:leather_leggings":1,"minecraft:oak_stairs":2,"minecraft:brown_bed":1,"artifacts:chorus_totem":1,"minecraft:music_disc_cat":1,"minecraft:string":1,"minecraft:raw_copper":6,"chileancraft:chemamull":1,"minecraft:cracked_stone_bricks":1,"minecraft:cobbled_deepslate":10,"minecraft:gold_nugget":21,"minecraft:beef":19,"minecraft:light_gray_wool":1,"minecraft:sugar_cane":3,"chileancraft:carne_de_caballo":1,"minecraft:furnace":1,"minecraft:raw_iron":9,"minecraft:stick":1,"apotheosis:gem":2,"minecraft:torch":12,"chileancraft:moneda_de_100":1,"chileancraft:semilla_de_cebolla":1,"minecraft:brown_carpet":2,"minecraft:arrow":5,"minecraft:rotten_flesh":3,"chileancraft:telar_top":1,"chileancraft:telar_down":1,"supplementaries:ash":9,"minecraft:mutton":10,"minecraft:obsidian":2,"minecraft:iron_bars":2,"minecraft:white_wool":7,"minecraft:cobblestone":30,"chileancraft:plato_hondo_de_greda_cocida_item":1,"minecraft:feather":6,"chileancraft:diguenes":1,"minecraft:leather":9,"minecraft:oak_log":31,"minecraft:tuff":1,"supplementaries:flax_seeds":3,"chileancraft:lanza_2":7,"chileancraft:chicha":1,"minecraft:lapis_lazuli":9,"minecraft:dirt":13,"minecraft:bone":10,"minecraft:apple":1,"minecraft:wheat_seeds":3,"minecraft:raw_gold":13,"spore:mutated_fiber":13,"minecraft:mossy_stone_bricks":1,"chileancraft:moneda_de_10":1,"minecraft:book":3,"chileancraft:moneda_de_500":1,"minecraft:sand":1,"minecraft:leather_helmet":1,"minecraft:mossy_cobblestone":1,"minecraft:oak_wood":1,"minecraft:diamond":2,"minecraft:oak_sapling":3,"spore:spine_fragment":2,"minecraft:coal":6},"minecraft:killed":{"minecraft:spider":2,"minecraft:horse":1,"minecraft:skeleton":3,"minecraft:chicken":4,"chileancraft:mapuche_hombre":1,"artifacts:mimic":1,"chileancraft:mujer_mapuche":1,"chileancraft:aldeano_huaso":2,"minecraft:sheep":8,"spore:inf_villager":1,"minecraft:zombie":3,"spore:inf_human":5,"minecraft:cow":8},"minecraft:mined":{"minecraft:tuff":1,"minecraft:mossy_cobblestone":1,"minecraft:deepslate_diamond_ore":2,"minecraft:obsidian":2,"biomesoplenty:bush":3,"minecraft:grass_block":1,"biomesoplenty:flowering_oak_leaves":2,"minecraft:spawner":2,"minecraft:furnace":1,"minecraft:iron_ore":7,"minecraft:deepslate_lapis_ore":1,"minecraft:brown_bed":1,"minecraft:bookshelf":1,"minecraft:iron_bars":2,"minecraft:deepslate_iron_ore":2,"minecraft:oak_stairs":2,"biomesoplenty:webbing":1,"minecraft:stone":28,"minecraft:lily_of_the_valley":1,"chileancraft:telar_top":1,"minecraft:brown_carpet":2,"minecraft:crafting_table":2,"minecraft:torch":2,"minecraft:oak_wood":1,"minecraft:copper_ore":2,"minecraft:cobblestone":3,"biomesoplenty:sprout":4,"minecraft:deepslate_gold_ore":3,"minecraft:sugar_cane":1,"supplementaries:urn":7,"chileancraft:plato_hondo_de_greda_cocida":1,"minecraft:grass":8,"biomesoplenty:clover":7,"minecraft:oak_log":20,"minecraft:coal_ore":6,"minecraft:sand":1,"minecraft:dirt":1,"biomesoplenty:stringy_cobweb":1,"minecraft:cracked_stone_bricks":1,"chileancraft:chemamull":1,"minecraft:mossy_stone_bricks":1,"minecraft:gold_ore":3,"minecraft:oak_leaves":6,"minecraft:deepslate":10},"minecraft:custom":{"lootr:looted_stat":10,"minecraft:mob_kills":45,"minecraft:interact_with_crafting_table":23,"minecraft:time_since_death":19297,"minecraft:sprint_one_cm":121810,"minecraft:walk_one_cm":97093,"minecraft:drop":8,"minecraft:talked_to_villager":2,"minecraft:play_time":51302,"minecraft:deaths":1,"minecraft:sneak_time":3253,"minecraft:walk_under_water_one_cm":17406,"minecraft:jump":752,"minecraft:walk_on_water_one_cm":9848,"minecraft:total_world_time":51302,"minecraft:interact_with_furnace":37,"minecraft:sleep_in_bed":3,"minecraft:time_since_rest":372,"minecraft:damage_taken":1715,"minecraft:damage_dealt":6590,"minecraft:swim_one_cm":825,"minecraft:fly_one_cm":206714,"minecraft:open_chest":33,"minecraft:crouch_one_cm":9139,"minecraft:aviate_one_cm":587500,"minecraft:fall_one_cm":22269,"minecraft:horse_one_cm":23517}},"DataVersion":3465}