{"stats":{"minecraft:dropped":{"chileancraft:diguenes":5,"minecraft:grass_block":1,"minecraft:torch":1,"minecraft:oak_stairs":1,"minecraft:cobbled_deepslate":1,"minecraft:rotten_flesh":1,"minecraft:stripped_oak_log":1,"chileancraft:telar_down":1,"minecraft:oak_wood":1,"chileancraft:telar_top":1,"minecraft:iron_bars":2,"minecraft:terracotta":1},"minecraft:killed_by":{"minecraft:spider":1,"spore:inf_human":2},"minecraft:crafted":{"minecraft:smooth_stone":3,"minecraft:oak_planks":104,"simpleplanes:plane_workbench":1,"minecraft:cooked_chicken":4,"minecraft:furnace":3,"minecraft:blast_furnace":1,"minecraft:stone":4,"chileancraft:carne_de_caballo_cocida":1,"minecraft:cooked_mutton":10,"minecraft:iron_axe":1,"minecraft:chest":5,"simpleplanes:propeller":2,"minecraft:dried_kelp_block":1,"simpleplanes:plane":1,"minecraft:cooked_beef":13,"sophisticatedbackpacks:backpack":1,"minecraft:diamond_axe":1,"minecraft:crafting_table":3,"simpleplanes:furnace_engine":1,"minecraft:dried_kelp":16,"minecraft:copper_ingot":6,"minecraft:gold_block":1,"minecraft:bucket":1,"minecraft:air":0,"minecraft:charcoal":9,"minecraft:diamond_pickaxe":1,"minecraft:light_weighted_pressure_plate":3,"minecraft:stick":8,"minecraft:iron_ingot":21,"minecraft:iron_pickaxe":1,"minecraft:gold_ingot":13},"minecraft:picked_up":{"minecraft:crafting_table":3,"spore:mutated_heart":2,"minecraft:chicken":4,"minecraft:leather_leggings":1,"minecraft:oak_stairs":7,"minecraft:brown_bed":1,"artifacts:chorus_totem":1,"minecraft:gold_block":1,"minecraft:music_disc_cat":1,"minecraft:string":2,"minecraft:raw_copper":6,"chileancraft:chemamull":1,"minecraft:cracked_stone_bricks":1,"minecraft:cobbled_deepslate":10,"minecraft:candle":1,"minecraft:gold_nugget":21,"minecraft:beef":19,"minecraft:poppy":1,"minecraft:light_gray_wool":1,"chileancraft:carne_de_caballo":1,"minecraft:sugar_cane":3,"chileancraft:veinte_mil_pesos":1,"minecraft:furnace":1,"minecraft:tipped_arrow":1,"minecraft:stick":3,"minecraft:raw_iron":18,"apotheosis:gem":4,"minecraft:oak_fence":2,"minecraft:torch":26,"minecraft:green_bed":1,"chileancraft:moneda_de_100":3,"chileancraft:semilla_de_cebolla":1,"minecraft:brown_carpet":2,"minecraft:arrow":8,"minecraft:rotten_flesh":6,"chileancraft:telar_top":1,"chileancraft:telar_down":1,"biomesoplenty:redwood_sapling":3,"supplementaries:ash":9,"minecraft:obsidian":2,"minecraft:mutton":10,"minecraft:iron_bars":2,"minecraft:white_wool":7,"minecraft:cobblestone":78,"minecraft:stripped_oak_log":1,"chileancraft:plato_hondo_de_greda_cocida_item":1,"minecraft:feather":6,"chileancraft:diguenes":1,"minecraft:leather":9,"minecraft:smoker":1,"minecraft:oak_log":52,"minecraft:tuff":1,"chileancraft:bola_de_greda":2,"supplementaries:flax_seeds":5,"chileancraft:lanza_2":10,"minecraft:gunpowder":6,"chileancraft:chicha":2,"minecraft:lapis_lazuli":20,"minecraft:dirt":100,"minecraft:bone":11,"minecraft:apple":1,"minecraft:kelp":23,"minecraft:bow":1,"minecraft:wheat_seeds":5,"minecraft:raw_gold":14,"spore:mutated_fiber":19,"minecraft:stripped_oak_wood":1,"minecraft:mossy_stone_bricks":1,"chileancraft:moneda_de_10":2,"minecraft:book":3,"chileancraft:moneda_de_500":1,"simpleplanes:plane":2,"minecraft:sand":1,"chileancraft:semilla_de_choclo":1,"minecraft:mossy_cobblestone":1,"minecraft:spider_eye":1,"minecraft:leather_helmet":1,"minecraft:oak_wood":2,"minecraft:diamond":3,"minecraft:oak_sapling":6,"spore:spine_fragment":2,"minecraft:coal":12},"minecraft:used":{"minecraft:oak_fence":2,"minecraft:chest":4,"minecraft:torch":9,"minecraft:dirt":82,"minecraft:oak_wood":1,"minecraft:iron_axe":130,"minecraft:grass_block":51,"minecraft:oak_stairs":4,"chileancraft:chemamull":1,"simpleplanes:plane":3,"minecraft:brown_carpet":2,"minecraft:oak_sapling":3,"minecraft:furnace":3,"minecraft:cooked_beef":13,"minecraft:cobbled_deepslate":9,"minecraft:water_bucket":64,"minecraft:mossy_stone_bricks":1,"minecraft:oak_planks":4,"minecraft:diamond_axe":98,"chileancraft:plato_hondo_de_greda_cocida_item":1,"minecraft:cracked_stone_bricks":1,"minecraft:mossy_cobblestone":1,"minecraft:sand":11,"minecraft:terracotta":3,"minecraft:crafting_table":4,"chileancraft:semilla_de_cebolla":1,"minecraft:smoker":1,"minecraft:oak_log":2,"minecraft:diamond_pickaxe":94,"minecraft:iron_pickaxe":73,"simpleplanes:plane_workbench":1,"minecraft:cobblestone":17,"minecraft:bucket":6,"minecraft:kelp":7,"minecraft:stripped_oak_log":4},"minecraft:killed":{"minecraft:spider":3,"minecraft:horse":1,"minecraft:skeleton":3,"minecraft:chicken":4,"chileancraft:mapuche_hombre":1,"artifacts:mimic":1,"chileancraft:mujer_mapuche":1,"chileancraft:aldeano_huaso":2,"chileancraft:flaite":1,"minecraft:creeper":3,"minecraft:sheep":8,"spore:inf_villager":1,"minecraft:zombie":4,"spore:inf_human":8,"minecraft:stray":1,"spore:inf_witch":1,"minecraft:cow":8},"minecraft:mined":{"minecraft:tuff":1,"minecraft:mossy_cobblestone":1,"minecraft:deepslate_diamond_ore":3,"minecraft:obsidian":2,"biomesoplenty:bush":3,"minecraft:grass_block":1,"biomesoplenty:flowering_oak_leaves":3,"minecraft:kelp":7,"minecraft:spawner":2,"minecraft:furnace":1,"minecraft:iron_ore":16,"minecraft:deepslate_lapis_ore":1,"minecraft:gold_block":1,"minecraft:brown_bed":1,"minecraft:bookshelf":1,"minecraft:deepslate_iron_ore":2,"minecraft:oak_stairs":6,"minecraft:iron_bars":2,"biomesoplenty:webbing":1,"minecraft:stone":76,"minecraft:green_bed":1,"minecraft:kelp_plant":2,"minecraft:lily_of_the_valley":1,"minecraft:smoker":1,"chileancraft:telar_top":1,"minecraft:brown_carpet":2,"minecraft:crafting_table":3,"minecraft:torch":5,"minecraft:oak_wood":2,"minecraft:copper_ore":2,"minecraft:cobblestone":3,"biomesoplenty:sprout":5,"minecraft:lapis_ore":2,"minecraft:deepslate_gold_ore":4,"minecraft:sugar_cane":1,"minecraft:wall_torch":1,"supplementaries:urn":9,"chileancraft:plato_hondo_de_greda_cocida":1,"minecraft:stripped_oak_wood":1,"minecraft:grass":11,"biomesoplenty:clover":9,"minecraft:oak_log":41,"minecraft:coal_ore":12,"minecraft:sand":1,"minecraft:dirt":8,"biomesoplenty:stringy_cobweb":1,"minecraft:cracked_stone_bricks":1,"chileancraft:chemamull":1,"minecraft:mossy_stone_bricks":1,"minecraft:gold_ore":3,"minecraft:oak_leaves":11,"minecraft:deepslate":10},"minecraft:custom":{"lootr:looted_stat":13,"minecraft:mob_kills":58,"minecraft:interact_with_crafting_table":33,"minecraft:eat_cake_slice":1,"minecraft:leave_game":2,"minecraft:time_since_death":3695,"minecraft:sprint_one_cm":168599,"minecraft:walk_one_cm":133675,"minecraft:drop":14,"minecraft:talked_to_villager":2,"minecraft:play_time":76137,"minecraft:deaths":4,"minecraft:sneak_time":5019,"minecraft:walk_under_water_one_cm":40944,"minecraft:jump":1006,"minecraft:walk_on_water_one_cm":15249,"minecraft:total_world_time":76137,"minecraft:interact_with_furnace":54,"minecraft:sleep_in_bed":3,"minecraft:time_since_rest":3770,"minecraft:damage_taken":3306,"minecraft:damage_dealt":9685,"minecraft:swim_one_cm":17731,"minecraft:fly_one_cm":261829,"minecraft:open_chest":54,"minecraft:crouch_one_cm":13947,"minecraft:aviate_one_cm":808726,"minecraft:interact_with_smoker":10,"minecraft:fall_one_cm":32465,"minecraft:horse_one_cm":23517}},"DataVersion":3465}