{"stats":{"minecraft:broken":{"minecraft:iron_axe":1},"minecraft:picked_up":{"biomesoplenty:dried_salt":3,"minecraft:cut_sandstone":2,"minecraft:leather":1,"minecraft:wooden_pickaxe":1,"minecraft:gold_block":2,"minecraft:oak_log":6,"minecraft:shield":1,"minecraft:moss_carpet":1,"minecraft:orange_terracotta":1,"minecraft:bone":1,"minecraft:stone_bricks":3,"minecraft:diamond_leggings":1,"minecraft:spruce_planks":11,"minecraft:mossy_stone_bricks":2,"minecraft:oak_planks":13,"biomesoplenty:mahogany_planks":7,"minecraft:furnace":9,"minecraft:sandstone":8,"apotheosis:gem":10,"minecraft:chiseled_stone_bricks":1,"minecraft:torch":3,"minecraft:stripped_acacia_wood":1,"minecraft:sand":2,"biomesoplenty:wilted_lily":2,"minecraft:porkchop":8,"minecraft:chiseled_sandstone":1,"minecraft:golden_chestplate":1,"biomesoplenty:mahogany_log":31,"minecraft:rotten_flesh":6,"supplementaries:ash":1,"minecraft:cobblestone":6},"minecraft:mined":{"minecraft:spruce_planks":9,"minecraft:infested_stone_bricks":1,"biomesoplenty:mahogany_planks":9,"minecraft:stone_slab":1,"biomesoplenty:dried_salt":1,"minecraft:oak_planks":13,"minecraft:chiseled_stone_bricks":1,"minecraft:spawner":1,"minecraft:furnace":9,"biomesoplenty:mahogany_log":8,"minecraft:moss_carpet":3,"minecraft:gold_block":2,"minecraft:infested_mossy_stone_bricks":1,"minecraft:oak_log":6,"minecraft:gravel":1,"minecraft:sand":3,"minecraft:infested_cracked_stone_bricks":2,"minecraft:stone":6,"minecraft:stone_bricks":2,"minecraft:mossy_stone_bricks":2},"minecraft:crafted":{"minecraft:oak_planks":24,"biomesoplenty:mahogany_planks":124,"minecraft:oak_trapdoor":2,"minecraft:iron_axe":1,"minecraft:stick":8,"minecraft:iron_pickaxe":1},"minecraft:killed":{"minecraft:husk":4,"minecraft:phantom":1,"minecraft:skeleton":2,"minecraft:zombie":1,"minecraft:silverfish":97,"minecraft:wither_skeleton":2},"minecraft:dropped":{"minecraft:golden_chestplate":2,"minecraft:rotten_flesh":1,"minecraft:stripped_acacia_wood":1,"origins:orb_of_origin":1,"minecraft:shield":1,"biomesoplenty:wilted_lily":2},"minecraft:used":{"minecraft:oak_trapdoor":2,"minecraft:trident":8,"minecraft:stripped_acacia_wood":21,"biomesoplenty:mahogany_planks":56,"minecraft:moss_carpet":1,"minecraft:mossy_stone_bricks":2,"minecraft:oak_planks":20,"minecraft:spruce_planks":2,"minecraft:shield":1,"minecraft:cut_sandstone":2,"minecraft:redstone_block":1,"minecraft:torch":17,"simplyswords:diamond_greataxe":151,"minecraft:sand":2,"minecraft:crossbow":2,"minecraft:iron_axe":133,"minecraft:iron_pickaxe":31,"minecraft:iron_boots":1,"minecraft:stone_bricks":3,"biomesoplenty:dried_salt":1,"minecraft:golden_sword":28,"minecraft:cobblestone":6,"supplementaries:ash":1,"minecraft:goat_horn":1,"alexscaves:nuclear_bomb":1,"minecraft:cooked_beef":24,"minecraft:splash_potion":1},"minecraft:custom":{"lootr:looted_stat":21,"minecraft:mob_kills":107,"minecraft:interact_with_crafting_table":2,"minecraft:damage_dealt_resisted":0,"minecraft:time_since_death":39743,"minecraft:climb_one_cm":6625,"minecraft:damage_resisted":0,"minecraft:time_since_rest":39743,"minecraft:sprint_one_cm":93622,"minecraft:damage_taken":2872,"minecraft:walk_one_cm":62885,"minecraft:damage_blocked_by_shield":65,"minecraft:drop":7,"minecraft:damage_dealt":12111,"minecraft:fly_one_cm":192058,"minecraft:crouch_one_cm":7211,"minecraft:play_time":39743,"minecraft:sneak_time":2550,"minecraft:walk_under_water_one_cm":681,"minecraft:aviate_one_cm":187735,"minecraft:jump":715,"minecraft:walk_on_water_one_cm":2342,"minecraft:total_world_time":39743,"minecraft:fall_one_cm":20567}},"DataVersion":3465}