{"stats":{"minecraft:custom":{"lootr:looted_stat":30,"minecraft:animals_bred":4,"minecraft:interact_with_crafting_table":49,"minecraft:eat_cake_slice":1,"minecraft:leave_game":8,"minecraft:time_since_death":159,"minecraft:sprint_one_cm":617408,"minecraft:drop":69,"minecraft:talked_to_villager":6,"minecraft:play_time":339714,"minecraft:deaths":30,"minecraft:jump":3370,"minecraft:walk_on_water_one_cm":36798,"minecraft:interact_with_furnace":90,"minecraft:sleep_in_bed":13,"minecraft:damage_dealt":21742,"minecraft:player_kills":8,"minecraft:crouch_one_cm":37164,"minecraft:interact_with_smoker":27,"minecraft:inspect_dispenser":1,"minecraft:horse_one_cm":23517,"minecraft:mob_kills":196,"minecraft:interact_with_anvil":2,"minecraft:interact_with_campfire":1,"minecraft:climb_one_cm":85,"minecraft:walk_one_cm":611732,"minecraft:damage_dealt_absorbed":53,"minecraft:sneak_time":14657,"minecraft:walk_under_water_one_cm":75966,"minecraft:total_world_time":339714,"minecraft:time_since_rest":202,"minecraft:damage_taken":14411,"minecraft:trigger_trapped_chest":1,"minecraft:swim_one_cm":21878,"minecraft:fly_one_cm":1172496,"minecraft:open_chest":271,"minecraft:aviate_one_cm":2209619,"minecraft:fall_one_cm":87815},"minecraft:broken":{"minecraft:iron_leggings":1,"minecraft:chainmail_boots":1,"minecraft:chainmail_chestplate":1,"minecraft:leather_helmet":1,"minecraft:chainmail_leggings":1,"minecraft:chainmail_helmet":1,"minecraft:turtle_helmet":1},"minecraft:killed":{"minecraft:cave_spider":2,"minecraft:zombified_piglin":1,"minecraft:spider":5,"alexsmobs:snow_leopard":1,"chileancraft:paco":1,"mowziesmobs:frostmaw":1,"minecraft:skeleton":20,"minecraft:chicken":5,"minecraft:silverfish":1,"alexsmobs:straddler":1,"minecraft:skeleton_horse":1,"artifacts:mimic":1,"minecraft:cat":1,"spore:inf_player":5,"spore:inf_wanderer":1,"minecraft:zombie_villager":1,"chileancraft:aldeano_huaso":3,"alexsmobs:stradpole":2,"chileancraft:flaite":3,"spore:inf_drowned":1,"chileancraft:aldeano_haitiano":4,"minecraft:creeper":8,"minecraft:sheep":13,"spore:inf_villager":8,"minecraft:trader_llama":2,"minecraft:zombie":16,"spore:inf_human":19,"minecraft:stray":1,"minecraft:ghast":1,"minecraft:cow":15,"minecraft:blaze":16,"alexsmobs:dropbear":1,"minecraft:slime":1,"minecraft:horse":1,"chileancraft:mapuche_hombre":2,"chileancraft:vendedor_de_la_ligua":2,"chileancraft:mujer_mapuche":1,"chileancraft:quiltro":4,"chileancraft:paco_ffee":1,"minecraft:wandering_trader":1,"chileancraft:tio_aceite":4,"spore:inf_pillager":3,"iceandfire:ghost":1,"spore:inf_witch":2,"minecraft:wither_skeleton":2},"minecraft:used":{"minecraft:moss_block":2,"minecraft:writable_book":1,"minecraft:iron_shovel":9,"minecraft:chest":7,"minecraft:stone":19,"biomesoplenty:bramble":1,"minecraft:nether_bricks":4,"minecraft:tuff":2,"minecraft:obsidian":10,"cgm:shotgun":12,"minecraft:grass_block":90,"spore:hive_spawn":1,"simpleplanes:plane":5,"minecraft:magma_block":1,"minecraft:brown_carpet":2,"minecraft:bow":15,"supplementaries:ash":2,"minecraft:oak_sapling":4,"minecraft:furnace":3,"cgm:heavy_rifle":54,"minecraft:mossy_stone_bricks":1,"minecraft:cow_spawn_egg":4,"minecraft:oak_planks":50,"minecraft:ender_pearl":1,"biomesoplenty:flowering_oak_sapling":2,"minecraft:diamond_axe":256,"minecraft:sand":11,"chileancraft:semilla_de_cebolla":1,"cgm:bazooka":9,"minecraft:sticky_piston":1,"chileancraft:semilla_de_uva_moscatel":1,"ironchest:iron_to_gold_chest_upgrade":1,"minecraft:gravel":3,"simpleplanes:plane_workbench":2,"simpleplanes:large_plane":14,"minecraft:fire_charge":1,"minecraft:stripped_oak_wood":2,"ironchest:wood_to_iron_chest_upgrade":1,"minecraft:oak_fence":4,"minecraft:trident":15,"minecraft:flint_and_steel":30,"minecraft:redstone":11,"minecraft:cooked_chicken":3,"minecraft:netherrack":9,"minecraft:oak_door":2,"minecraft:stick":3,"minecraft:torch":47,"minecraft:dirt":238,"minecraft:anvil":1,"cgm:workbench":1,"minecraft:oak_wood":62,"minecraft:iron_axe":130,"minecraft:oak_stairs":8,"chileancraft:chemamull":1,"minecraft:cooked_beef":25,"minecraft:cobbled_deepslate":29,"minecraft:observer":3,"minecraft:brown_bed":1,"minecraft:cooked_mutton":15,"minecraft:water_bucket":66,"cgm:pistol":264,"minecraft:sheep_spawn_egg":3,"chileancraft:plato_hondo_de_greda_cocida_item":1,"simpleplanes:helicopter":9,"minecraft:cracked_stone_bricks":1,"supplementaries:timber_frame":2,"minecraft:mossy_cobblestone":1,"minecraft:terracotta":22,"minecraft:tnt":8,"minecraft:crafting_table":4,"supplementaries:bomb":2,"minecraft:smoker":1,"minecraft:oak_log":2,"minecraft:diamond_pickaxe":562,"minecraft:iron_pickaxe":73,"simplyswords:iron_sai":115,"minecraft:cobblestone":80,"minecraft:cooked_porkchop":2,"minecraft:bucket":10,"minecraft:stripped_oak_log":28,"minecraft:kelp":7,"minecraft:chainmail_leggings":1},"minecraft:killed_by":{"spore:inf_human":3,"iceandfire:stymphalian_bird":1,"spore:inf_player":1,"spore:inf_villager":1,"iceandfire:ice_dragon":1,"minecraft:blaze":1,"minecraft:zombie":1,"iceandfire:fire_dragon":2,"minecraft:spider":1,"spore:inf_wanderer":2,"mowziesmobs:ferrous_wroughtnaut":4},"minecraft:crafted":{"minecraft:smooth_stone":3,"minecraft:oak_planks":160,"minecraft:blaze_powder":8,"minecraft:cooked_chicken":5,"minecraft:stone":4,"minecraft:cooked_mutton":15,"minecraft:bow":1,"minecraft:chest":6,"minecraft:dried_kelp_block":1,"simpleplanes:plane":1,"sophisticatedbackpacks:backpack":1,"minecraft:cooked_porkchop":2,"minecraft:diamond_axe":1,"minecraft:crafting_table":3,"minecraft:copper_ingot":22,"minecraft:gold_block":1,"minecraft:charcoal":9,"minecraft:diamond_pickaxe":1,"minecraft:stick":12,"minecraft:light_weighted_pressure_plate":3,"minecraft:iron_pickaxe":1,"minecraft:iron_ingot":119,"minecraft:iron_block":3,"minecraft:gold_ingot":45,"simpleplanes:booster":1,"simpleplanes:plane_workbench":1,"minecraft:furnace":3,"minecraft:blast_furnace":1,"chileancraft:carne_de_caballo_cocida":1,"minecraft:flint_and_steel":1,"minecraft:iron_axe":1,"simpleplanes:propeller":2,"minecraft:cooked_beef":25,"minecraft:red_dye":2,"ironchest:wood_to_iron_chest_upgrade":1,"simpleplanes:furnace_engine":1,"minecraft:dried_kelp":16,"minecraft:bucket":1,"minecraft:air":0,"ironchest:iron_to_gold_chest_upgrade":1,"minecraft:oak_stairs":4,"minecraft:anvil":1},"minecraft:picked_up":{"spore:mutated_heart":6,"cgm:basic_bullet":64,"minecraft:chainmail_boots":2,"minecraft:nether_brick_fence":2,"minecraft:lead":2,"minecraft:oak_stairs":8,"minecraft:brown_bed":1,"artifacts:chorus_totem":1,"minecraft:potion":1,"minecraft:music_disc_cat":1,"minecraft:string":11,"minecraft:raw_copper":40,"minecraft:red_nether_bricks":1,"minecraft:iron_leggings":1,"alexsmobs:dropbear_claw":2,"minecraft:gold_nugget":39,"chileancraft:semilla_de_aji_verde":2,"minecraft:cobbled_deepslate":41,"minecraft:bucket":2,"minecraft:rose_bush":2,"minecraft:iron_pickaxe":1,"chileancraft:carne_de_caballo":1,"cgm:advanced_bullet":188,"chileancraft:veinte_mil_pesos":1,"minecraft:furnace":1,"minecraft:tipped_arrow":1,"minecraft:stick":7,"artifacts:universal_attractor":1,"apotheosis:gem":5,"minecraft:oak_fence":2,"minecraft:torch":56,"minecraft:green_bed":1,"minecraft:light_gray_banner":3,"chileancraft:semilla_de_cebolla":4,"minecraft:brown_carpet":2,"cgm:medium_scope":2,"minecraft:rotten_flesh":21,"chileancraft:telar_top":1,"supplementaries:antique_ink":2,"supplementaries:ash":27,"minecraft:blaze_rod":6,"minecraft:obsidian":12,"minecraft:iron_bars":2,"minecraft:cobblestone":276,"minecraft:magma_block":1,"minecraft:leather_chestplate":1,"minecraft:feather":7,"minecraft:iron_door":1,"minecraft:jungle_log":2,"biomesoplenty:fir_sapling":2,"biomesoplenty:fir_log":3,"chileancraft:bota_negra_boots":1,"minecraft:smoker":1,"chileancraft:kultrun":1,"minecraft:flint":2,"minecraft:tuff":6,"chileancraft:sopaipilla":5,"supplementaries:flax_seeds":7,"cgm:heavy_rifle":1,"chileancraft:lanza_2":10,"minecraft:lapis_lazuli":69,"minecraft:dirt":484,"minecraft:leather_boots":1,"minecraft:bone":29,"minecraft:bow":3,"minecraft:wheat_seeds":16,"simpleplanes:plane_workbench":1,"minecraft:raw_gold":36,"chileancraft:semilla_de_uva_red_globe":1,"minecraft:mossy_stone_bricks":1,"minecraft:moss_block":2,"chileancraft:cuchuflis":2,"minecraft:oak_planks":2,"chileancraft:moneda_de_500":5,"spore:cerebrum":3,"simpleplanes:plane":4,"patchouli:guide_book":1,"minecraft:sand":1,"minecraft:grass_block":1,"chileancraft:moneda_de_50":3,"alexsmobs:animal_dictionary":1,"minecraft:mossy_cobblestone":1,"iceandfire:chared_cobblestone":10,"cgm:pistol":1,"minecraft:dispenser":1,"minecraft:diamond":3,"minecraft:writable_book":1,"iceandfire:dragon_ice":3,"simpleplanes:large_plane":11,"minecraft:emerald":4,"minecraft:chainmail_helmet":1,"spore:spine_fragment":3,"minecraft:oak_sapling":7,"iceandfire:silver_nugget":64,"minecraft:netherrack":21,"minecraft:diamond_pickaxe":1,"minecraft:crafting_table":3,"iceandfire:witherbone":1,"minecraft:chicken":5,"minecraft:leather_leggings":1,"chileancraft:super_8":1,"minecraft:gold_block":1,"chileancraft:semilla_de_tomate_limachino":2,"minecraft:flint_and_steel":1,"chileancraft:chemamull":1,"minecraft:cracked_stone_bricks":1,"minecraft:candle":3,"minecraft:beef":31,"minecraft:iron_nugget":45,"minecraft:jungle_sapling":1,"minecraft:poppy":1,"minecraft:light_gray_wool":3,"minecraft:chest":1,"minecraft:sugar_cane":3,"minecraft:raw_iron":114,"minecraft:oak_door":2,"chileancraft:semilla_de_uva_pais":1,"chileancraft:moneda_de_100":8,"minecraft:trident":1,"minecraft:carrot":1,"minecraft:redstone":20,"minecraft:tnt":1,"minecraft:arrow":21,"minecraft:nether_bricks":5,"mowziesmobs:ice_crystal":1,"alexscaves:spelunkery_table":1,"chileancraft:telar_down":1,"biomesoplenty:redwood_sapling":3,"minecraft:mutton":14,"minecraft:skeleton_skull":1,"minecraft:white_wool":15,"minecraft:stripped_oak_log":16,"chileancraft:plato_hondo_de_greda_cocida_item":1,"simpleplanes:helicopter":7,"minecraft:basalt":3,"chileancraft:diguenes":1,"chileancraft:semilla_de_uva_moscatel":2,"minecraft:leather":20,"chileancraft:bola_de_greda":20,"minecraft:oak_log":63,"minecraft:gunpowder":6,"chileancraft:chicha":2,"minecraft:paper":26,"minecraft:apple":1,"minecraft:kelp":23,"minecraft:iron_ingot":3,"spore:mutated_fiber":55,"minecraft:stripped_oak_wood":1,"supplementaries:timber_frame":2,"minecraft:acacia_sapling":3,"chileancraft:moneda_de_10":7,"minecraft:book":3,"iceandfire:chared_stone":12,"minecraft:quartz":8,"minecraft:cracked_nether_bricks":1,"minecraft:gravel":6,"chileancraft:semilla_de_choclo":1,"chileancraft:trutruca":3,"minecraft:spider_eye":4,"biomesoplenty:flowering_oak_sapling":2,"minecraft:leather_helmet":1,"minecraft:oak_wood":11,"biomesoplenty:bramble":1,"minecraft:chainmail_leggings":1,"minecraft:terracotta":2,"minecraft:coal":31,"minecraft:ender_pearl":1},"minecraft:mined":{"minecraft:red_nether_bricks":1,"minecraft:obsidian":12,"biomesoplenty:bramble":1,"minecraft:grass_block":10,"biomesoplenty:flowering_oak_leaves":3,"minecraft:spawner":3,"biomesoplenty:bramble_leaves":1,"minecraft:magma_block":1,"minecraft:iron_ore":72,"minecraft:cobbled_deepslate":2,"minecraft:fire":40,"minecraft:deepslate_lapis_ore":7,"minecraft:brown_bed":1,"supplementaries:stick":2,"minecraft:iron_bars":2,"minecraft:oak_stairs":7,"biomesoplenty:webbing":3,"minecraft:green_bed":1,"iceandfire:chared_cobblestone":5,"minecraft:deepslate_redstone_ore":4,"minecraft:kelp_plant":2,"minecraft:smoker":1,"chileancraft:telar_top":1,"minecraft:torch":11,"minecraft:chest":1,"minecraft:nether_quartz_ore":8,"minecraft:cobblestone":30,"minecraft:sugar_cane":1,"minecraft:oak_planks":3,"minecraft:iron_door":1,"minecraft:wall_torch":12,"chileancraft:plato_hondo_de_greda_cocida":1,"biomesoplenty:large_rose_quartz_bud":2,"minecraft:stripped_oak_wood":1,"minecraft:tnt":1,"minecraft:grass":52,"biomesoplenty:clover":18,"minecraft:oak_log":46,"minecraft:sand":1,"minecraft:dirt":31,"chileancraft:chemamull":1,"minecraft:dispenser":1,"minecraft:netherrack":21,"minecraft:oak_leaves":12,"minecraft:deepslate":39,"iceandfire:chared_stone":6,"alexscaves:spelunkery_table":1,"minecraft:tuff":6,"minecraft:mossy_cobblestone":1,"minecraft:deepslate_diamond_ore":3,"minecraft:candle":1,"minecraft:oak_door":2,"minecraft:nether_bricks":6,"minecraft:chiseled_bookshelf":1,"biomesoplenty:bush":3,"minecraft:moss_block":2,"minecraft:kelp":7,"minecraft:cracked_nether_bricks":1,"minecraft:furnace":1,"supplementaries:timber_frame":2,"minecraft:gold_block":1,"minecraft:nether_brick_fence":2,"minecraft:bookshelf":1,"minecraft:deepslate_iron_ore":35,"minecraft:vine":3,"minecraft:stripped_oak_log":15,"biomesoplenty:barley":30,"minecraft:stone":224,"minecraft:podzol":1,"minecraft:glass_pane":1,"minecraft:lily_of_the_valley":1,"minecraft:brown_carpet":2,"minecraft:crafting_table":4,"minecraft:oak_wood":11,"minecraft:light_gray_wall_banner":3,"minecraft:rose_bush":1,"minecraft:tall_grass":2,"minecraft:copper_ore":11,"biomesoplenty:sprout":18,"minecraft:lapis_ore":2,"minecraft:deepslate_gold_ore":26,"supplementaries:urn":26,"minecraft:coal_ore":31,"minecraft:gravel":8,"biomesoplenty:stringy_cobweb":1,"minecraft:cobweb":1,"minecraft:cracked_stone_bricks":1,"minecraft:mossy_stone_bricks":1,"minecraft:gold_ore":3},"minecraft:dropped":{"biomesoplenty:fir_log":1,"minecraft:oak_log":2,"chileancraft:kultrun":1,"chileancraft:moneda_de_10":2,"chileancraft:diguenes":5,"biomesoplenty:fir_sapling":2,"minecraft:dirt":128,"chileancraft:bola_de_greda":12,"minecraft:white_wool":3,"minecraft:oak_door":1,"minecraft:cooked_chicken":2,"alexsmobs:animal_dictionary":1,"minecraft:cobbled_deepslate":1,"minecraft:rotten_flesh":3,"minecraft:oak_planks":194,"chileancraft:trutruca":3,"supplementaries:ash":6,"chileancraft:telar_down":1,"minecraft:oak_wood":1,"chileancraft:moneda_de_100":2,"minecraft:chainmail_boots":1,"chileancraft:telar_top":1,"minecraft:iron_bars":2,"chileancraft:sopaipilla":2,"minecraft:iron_ingot":3,"minecraft:wheat_seeds":2,"minecraft:cobblestone":2,"minecraft:grass_block":2,"minecraft:torch":1,"minecraft:rose_bush":1,"minecraft:oak_stairs":4,"minecraft:paper":26,"minecraft:bucket":1,"cgm:advanced_bullet":60,"minecraft:tuff":1,"minecraft:chicken":2,"minecraft:iron_boots":1,"minecraft:stripped_oak_log":16,"iceandfire:dragon_ice":2,"iceandfire:chared_cobblestone":5,"minecraft:iron_chestplate":1,"minecraft:diamond_pickaxe":1,"minecraft:brown_bed":1,"artifacts:snowshoes":1,"iceandfire:chared_stone":6,"minecraft:terracotta":1}},"DataVersion":3465}