{"stats":{"minecraft:mined":{"minecraft:spruce_planks":9,"minecraft:furnace":1,"biomesoplenty:mahogany_log":8,"minecraft:gold_block":2,"minecraft:oak_log":6,"biomesoplenty:mahogany_planks":8,"minecraft:sand":3,"biomesoplenty:dried_salt":1,"minecraft:oak_planks":13,"minecraft:spawner":1},"minecraft:picked_up":{"minecraft:sandstone":8,"biomesoplenty:dried_salt":3,"minecraft:leather":1,"minecraft:cut_sandstone":2,"minecraft:wooden_pickaxe":1,"minecraft:stripped_acacia_wood":1,"minecraft:porkchop":8,"minecraft:gold_block":2,"biomesoplenty:wilted_lily":2,"minecraft:sand":2,"minecraft:oak_log":6,"minecraft:golden_chestplate":1,"minecraft:chiseled_sandstone":1,"minecraft:orange_terracotta":1,"biomesoplenty:mahogany_log":31,"minecraft:rotten_flesh":1,"minecraft:diamond_leggings":1,"minecraft:spruce_planks":11,"supplementaries:ash":1,"minecraft:oak_planks":13,"biomesoplenty:mahogany_planks":6},"minecraft:crafted":{"minecraft:oak_planks":24,"minecraft:iron_axe":1,"minecraft:stick":8,"biomesoplenty:mahogany_planks":124,"minecraft:iron_pickaxe":1,"minecraft:oak_trapdoor":2},"minecraft:killed":{"minecraft:husk":1,"minecraft:zombie":1,"minecraft:wither_skeleton":2,"minecraft:phantom":1},"minecraft:dropped":{"origins:orb_of_origin":1,"minecraft:golden_chestplate":2,"minecraft:rotten_flesh":1,"biomesoplenty:wilted_lily":2,"minecraft:stripped_acacia_wood":1},"minecraft:used":{"minecraft:oak_trapdoor":2,"biomesoplenty:mahogany_planks":54,"minecraft:stripped_acacia_wood":21,"minecraft:iron_axe":94,"minecraft:iron_pickaxe":4,"minecraft:oak_planks":20,"minecraft:spruce_planks":2,"minecraft:cut_sandstone":2,"minecraft:redstone_block":1,"biomesoplenty:dried_salt":1,"minecraft:torch":2,"minecraft:sand":2,"supplementaries:ash":1,"minecraft:goat_horn":1,"minecraft:crossbow":1,"minecraft:cooked_beef":14,"alexscaves:nuclear_bomb":1,"minecraft:splash_potion":1},"minecraft:custom":{"minecraft:time_since_rest":27743,"lootr:looted_stat":11,"minecraft:sprint_one_cm":70688,"minecraft:damage_taken":2068,"minecraft:walk_one_cm":39462,"minecraft:mob_kills":5,"minecraft:drop":6,"minecraft:damage_dealt":2126,"minecraft:interact_with_crafting_table":2,"minecraft:fly_one_cm":157876,"minecraft:crouch_one_cm":4805,"minecraft:play_time":27743,"minecraft:sneak_time":1526,"minecraft:walk_under_water_one_cm":681,"minecraft:jump":492,"minecraft:aviate_one_cm":137858,"minecraft:damage_dealt_resisted":0,"minecraft:time_since_death":27743,"minecraft:walk_on_water_one_cm":2342,"minecraft:total_world_time":27743,"minecraft:fall_one_cm":14930}},"DataVersion":3465}