{"stats":{"minecraft:dropped":{"chileancraft:semilla_de_a_ji_cacho_de_cabra":1,"minecraft:blackstone":53,"chileancraft:semilla_de_tomate_limachino":1,"minecraft:cobbled_deepslate":1,"minecraft:rotten_flesh":1,"minecraft:weeping_vines":8,"chileancraft:kultrun":1,"minecraft:netherrack":1,"minecraft:bone":2},"minecraft:killed_by":{"alexsmobs:dropbear":1,"spore:inf_pillager":1},"minecraft:used":{"minecraft:cracked_polished_blackstone_bricks":1,"minecraft:cooked_chicken":2,"minecraft:netherrack":15,"minecraft:golden_sword":20,"minecraft:oak_sapling":1,"minecraft:trapped_chest":1,"minecraft:brown_bed":1},"minecraft:crafted":{"minecraft:oak_planks":64,"minecraft:crafting_table":1,"minecraft:stick":8},"minecraft:picked_up":{"minecraft:iron_chestplate":1,"minecraft:chicken":1,"chileancraft:moneda_de_100":2,"minecraft:brown_bed":2,"chileancraft:kultrun":1,"minecraft:oak_log":16,"chileancraft:semilla_de_a_ji_cacho_de_cabra":2,"chileancraft:semilla_de_tomate_limachino":2,"minecraft:trapped_chest":1,"minecraft:blackstone":53,"minecraft:arrow":2,"minecraft:bone":2,"minecraft:weeping_vines":8,"minecraft:rotten_flesh":1,"minecraft:cobbled_deepslate":1,"minecraft:cracked_polished_blackstone_bricks":1,"minecraft:cooked_chicken":2,"minecraft:oak_sapling":1,"minecraft:netherrack":16,"chileancraft:moneda_de_10":2,"minecraft:iron_boots":1},"minecraft:killed":{"spore:inf_pillager":1,"minecraft:zombie":3,"minecraft:chicken":1},"minecraft:mined":{"minecraft:brown_bed":1,"minecraft:grass":7,"biomesoplenty:bush":6,"biomesoplenty:clover":11,"minecraft:oak_log":16,"biomesoplenty:sprout":6},"minecraft:custom":{"minecraft:time_since_rest":5765,"lootr:looted_stat":1,"minecraft:sprint_one_cm":28635,"minecraft:damage_taken":904,"minecraft:walk_one_cm":22743,"minecraft:mob_kills":5,"minecraft:drop":9,"minecraft:damage_dealt":1085,"minecraft:swim_one_cm":291,"minecraft:fly_one_cm":58178,"minecraft:open_chest":6,"minecraft:crouch_one_cm":1671,"minecraft:play_time":27145,"minecraft:deaths":2,"minecraft:sneak_time":498,"minecraft:walk_under_water_one_cm":183,"minecraft:aviate_one_cm":211349,"minecraft:jump":216,"minecraft:leave_game":3,"minecraft:time_since_death":2854,"minecraft:walk_on_water_one_cm":184,"minecraft:sleep_in_bed":2,"minecraft:climb_one_cm":36,"minecraft:total_world_time":27145,"minecraft:fall_one_cm":3662}},"DataVersion":3465}