{"stats":{"minecraft:mined":{"biomesoplenty:dead_log":4,"minecraft:bookshelf":1,"minecraft:wither_skeleton_skull":1},"minecraft:picked_up":{"minecraft:book":3,"apotheosis:gem":4,"biomesoplenty:dried_salt":2,"biomesoplenty:dead_log":4,"minecraft:wither_skeleton_skull":1,"origins:orb_of_origin":1,"minecraft:dirt":2,"minecraft:moss_carpet":2,"minecraft:item_frame":4,"alltheores:raw_tin":1,"minecraft:coal":2,"minecraft:cobblestone":21},"minecraft:crafted":{"biomesoplenty:dead_planks":16,"minecraft:crafting_table":1,"minecraft:stick":4},"minecraft:dropped":{"minecraft:dirt":1,"biomesoplenty:dried_salt":2,"alltheores:raw_tin":1,"patchouli:guide_book":2},"minecraft:used":{"minecraft:wither_skeleton_skull":1,"minecraft:item_frame":4,"minecraft:dirt":1,"minecraft:crossbow":3,"minecraft:cooked_beef":6},"minecraft:custom":{"minecraft:time_since_rest":13346,"lootr:looted_stat":4,"minecraft:sprint_one_cm":21336,"minecraft:damage_taken":593,"minecraft:walk_one_cm":25431,"minecraft:drop":6,"minecraft:damage_dealt":205,"minecraft:swim_one_cm":167,"minecraft:fly_one_cm":74278,"minecraft:open_barrel":1,"minecraft:crouch_one_cm":75,"minecraft:play_time":13346,"minecraft:sneak_time":53,"minecraft:walk_under_water_one_cm":155,"minecraft:aviate_one_cm":192917,"minecraft:jump":179,"minecraft:leave_game":1,"minecraft:time_since_death":13346,"minecraft:walk_on_water_one_cm":198,"minecraft:total_world_time":13346,"minecraft:climb_one_cm":1209,"minecraft:fall_one_cm":11355}},"DataVersion":3465}