{"stats":{"minecraft:broken":{"minecraft:stone_axe":1},"minecraft:mined":{"minecraft:spruce_planks":3,"minecraft:crafting_table":3,"biomesoplenty:mahogany_planks":13,"minecraft:wall_torch":1,"biomesoplenty:mahogany_log":11,"biomesoplenty:dead_log":4,"minecraft:bookshelf":1,"minecraft:wither_skeleton_skull":1,"minecraft:stripped_acacia_wood":2,"minecraft:fern":2},"minecraft:picked_up":{"minecraft:crafting_table":3,"iceandfire:witherbone":2,"biomesoplenty:dried_salt":2,"minecraft:leather":3,"biomesoplenty:dead_log":4,"minecraft:wither_skeleton_skull":1,"minecraft:dirt":2,"minecraft:moss_carpet":2,"minecraft:item_frame":4,"alltheores:raw_tin":1,"minecraft:bone":12,"minecraft:spruce_planks":3,"biomesoplenty:mahogany_planks":15,"minecraft:book":3,"minecraft:stick":3,"apotheosis:gem":4,"minecraft:torch":1,"minecraft:stripped_acacia_wood":1,"biomesoplenty:wilted_lily":4,"minecraft:porkchop":19,"origins:orb_of_origin":1,"biomesoplenty:mahogany_log":75,"minecraft:arrow":2,"minecraft:rotten_flesh":5,"minecraft:coal":6,"minecraft:cobblestone":21},"minecraft:crafted":{"biomesoplenty:dead_planks":16,"minecraft:diamond_sword":1,"minecraft:diamond_axe":1,"minecraft:crafting_table":1,"biomesoplenty:mahogany_planks":24,"minecraft:wooden_pickaxe":1,"minecraft:stone_axe":1,"minecraft:stick":20,"minecraft:iron_pickaxe":1,"minecraft:wooden_axe":1},"minecraft:killed":{"minecraft:husk":2,"minecraft:hoglin":8,"minecraft:wither_skeleton":7},"minecraft:dropped":{"biomesoplenty:dried_salt":2,"minecraft:porkchop":5,"minecraft:rotten_flesh":3,"patchouli:guide_book":2,"minecraft:stick":6,"minecraft:dirt":1,"minecraft:spruce_planks":3,"minecraft:wooden_axe":1,"biomesoplenty:wilted_lily":4,"minecraft:arrow":4,"alltheores:raw_tin":1,"minecraft:wooden_pickaxe":1,"minecraft:bone":10},"minecraft:used":{"biomesoplenty:mahogany_planks":29,"minecraft:stripped_acacia_wood":1,"minecraft:moss_carpet":2,"minecraft:diamond_boots":1,"minecraft:wither_skeleton_skull":1,"minecraft:diamond_axe":6,"minecraft:dirt":1,"minecraft:crafting_table":4,"minecraft:crossbow":9,"minecraft:golden_chestplate":1,"minecraft:wooden_axe":5,"minecraft:iron_pickaxe":4,"minecraft:item_frame":4,"minecraft:stone_axe":30,"minecraft:diamond_sword":113,"minecraft:cooked_beef":13,"minecraft:diamond_leggings":1},"minecraft:custom":{"lootr:looted_stat":12,"minecraft:mob_kills":17,"minecraft:interact_with_crafting_table":7,"minecraft:open_barrel":1,"minecraft:damage_dealt_resisted":0,"minecraft:leave_game":1,"minecraft:time_since_death":25346,"minecraft:climb_one_cm":1209,"minecraft:damage_resisted":0,"minecraft:time_since_rest":25346,"minecraft:sprint_one_cm":34296,"minecraft:damage_taken":1286,"minecraft:walk_one_cm":52121,"minecraft:drop":24,"minecraft:damage_dealt":5532,"minecraft:swim_one_cm":167,"minecraft:fly_one_cm":117775,"minecraft:crouch_one_cm":1968,"minecraft:play_time":25346,"minecraft:sneak_time":816,"minecraft:walk_under_water_one_cm":341,"minecraft:aviate_one_cm":247185,"minecraft:jump":297,"minecraft:walk_on_water_one_cm":549,"minecraft:total_world_time":25346,"minecraft:fall_one_cm":13270}},"DataVersion":3465}