{"stats":{"minecraft:dropped":{"minecraft:blackstone":53,"minecraft:cobbled_deepslate":1,"minecraft:weeping_vines":8,"chileancraft:kultrun":1,"minecraft:netherrack":1,"minecraft:bone":2},"minecraft:killed_by":{"alexsmobs:dropbear":1,"spore:inf_pillager":1},"minecraft:used":{"minecraft:cracked_polished_blackstone_bricks":1,"minecraft:cooked_chicken":2,"minecraft:netherrack":15,"minecraft:golden_sword":11,"minecraft:trapped_chest":1,"minecraft:brown_bed":1},"minecraft:picked_up":{"minecraft:iron_chestplate":1,"chileancraft:moneda_de_100":2,"minecraft:brown_bed":2,"chileancraft:kultrun":1,"minecraft:trapped_chest":1,"minecraft:arrow":2,"minecraft:bone":2,"minecraft:blackstone":53,"minecraft:weeping_vines":8,"minecraft:cobbled_deepslate":1,"minecraft:cracked_polished_blackstone_bricks":1,"minecraft:cooked_chicken":2,"minecraft:netherrack":16,"chileancraft:moneda_de_10":2,"minecraft:iron_boots":1},"minecraft:killed":{"spore:inf_pillager":1,"minecraft:zombie":1},"minecraft:mined":{"minecraft:brown_bed":1,"minecraft:grass":2},"minecraft:custom":{"minecraft:time_since_rest":2711,"lootr:looted_stat":1,"minecraft:sprint_one_cm":22089,"minecraft:damage_taken":669,"minecraft:walk_one_cm":16738,"minecraft:mob_kills":2,"minecraft:drop":6,"minecraft:damage_dealt":647,"minecraft:swim_one_cm":291,"minecraft:fly_one_cm":48930,"minecraft:open_chest":6,"minecraft:crouch_one_cm":1576,"minecraft:play_time":24091,"minecraft:deaths":2,"minecraft:sneak_time":478,"minecraft:walk_under_water_one_cm":183,"minecraft:aviate_one_cm":206203,"minecraft:jump":163,"minecraft:leave_game":2,"minecraft:walk_on_water_one_cm":184,"minecraft:time_since_death":0,"minecraft:sleep_in_bed":2,"minecraft:total_world_time":24091,"minecraft:climb_one_cm":36,"minecraft:fall_one_cm":3178}},"DataVersion":3465}