{"stats":{"minecraft:broken":{"minecraft:stone_axe":1},"minecraft:mined":{"minecraft:spruce_planks":3,"minecraft:infested_stone_bricks":5,"minecraft:crafting_table":3,"minecraft:torch":1,"biomesoplenty:mahogany_planks":13,"minecraft:wall_torch":1,"minecraft:chiseled_stone_bricks":1,"minecraft:spawner":1,"biomesoplenty:mahogany_log":11,"minecraft:iron_ore":18,"minecraft:infested_mossy_stone_bricks":28,"biomesoplenty:dead_log":4,"minecraft:bookshelf":1,"minecraft:coal_ore":6,"minecraft:vine":4,"minecraft:infested_cracked_stone_bricks":7,"minecraft:wither_skeleton_skull":1,"minecraft:stripped_acacia_wood":2,"minecraft:stone_bricks":5,"minecraft:mossy_stone_bricks":2,"minecraft:fern":2},"minecraft:picked_up":{"minecraft:crafting_table":3,"iceandfire:witherbone":2,"biomesoplenty:dried_salt":2,"minecraft:leather":4,"minecraft:stone_slab":2,"biomesoplenty:dead_log":4,"minecraft:wither_skeleton_skull":1,"minecraft:dirt":2,"minecraft:moss_carpet":4,"minecraft:item_frame":4,"alltheores:raw_tin":1,"minecraft:bone":16,"minecraft:stone_bricks":2,"minecraft:spruce_planks":3,"minecraft:mossy_stone_bricks":1,"biomesoplenty:mahogany_planks":15,"minecraft:book":3,"minecraft:stick":3,"minecraft:raw_iron":18,"apotheosis:gem":5,"minecraft:torch":2,"minecraft:stripped_acacia_wood":1,"biomesoplenty:wilted_lily":4,"minecraft:porkchop":19,"origins:orb_of_origin":1,"biomesoplenty:mahogany_log":75,"minecraft:arrow":2,"minecraft:rotten_flesh":10,"minecraft:iron_helmet":1,"minecraft:chainmail_helmet":1,"minecraft:emerald":4,"minecraft:coal":12,"minecraft:cobblestone":21},"minecraft:crafted":{"biomesoplenty:dead_planks":16,"minecraft:diamond_sword":1,"minecraft:diamond_axe":1,"minecraft:crafting_table":2,"biomesoplenty:mahogany_planks":28,"minecraft:wooden_pickaxe":1,"minecraft:stone_axe":1,"minecraft:stick":20,"minecraft:iron_pickaxe":1,"minecraft:wooden_axe":1,"minecraft:torch":24},"minecraft:killed":{"minecraft:husk":2,"minecraft:hoglin":8,"minecraft:skeleton":5,"minecraft:zombie":10,"iceandfire:ghost":1,"minecraft:silverfish":31,"minecraft:wither_skeleton":7},"minecraft:dropped":{"biomesoplenty:dried_salt":2,"minecraft:porkchop":5,"minecraft:rotten_flesh":3,"minecraft:chainmail_helmet":1,"patchouli:guide_book":2,"minecraft:stick":6,"minecraft:emerald":4,"minecraft:dirt":1,"minecraft:spruce_planks":3,"minecraft:wooden_axe":1,"apotheosis:gem":1,"minecraft:pumpkin_pie":15,"biomesoplenty:wilted_lily":4,"alltheores:raw_tin":1,"minecraft:arrow":4,"minecraft:wooden_pickaxe":1,"minecraft:bone":14},"minecraft:used":{"minecraft:stripped_acacia_wood":1,"biomesoplenty:mahogany_planks":29,"minecraft:moss_carpet":2,"minecraft:diamond_boots":1,"simplyswords:diamond_katana":30,"minecraft:wither_skeleton_skull":1,"minecraft:diamond_axe":6,"minecraft:torch":5,"minecraft:dirt":1,"minecraft:crafting_table":5,"minecraft:crossbow":9,"minecraft:golden_chestplate":1,"minecraft:wooden_axe":5,"minecraft:iron_pickaxe":47,"minecraft:iron_boots":1,"minecraft:item_frame":4,"minecraft:diamond_sword":207,"minecraft:stone_axe":30,"minecraft:cooked_beef":20,"minecraft:diamond_leggings":1},"minecraft:custom":{"lootr:looted_stat":25,"minecraft:mob_kills":65,"minecraft:interact_with_crafting_table":7,"minecraft:open_barrel":1,"minecraft:damage_dealt_resisted":0,"minecraft:leave_game":5,"minecraft:time_since_death":2029,"minecraft:climb_one_cm":3498,"minecraft:damage_resisted":0,"minecraft:time_since_rest":2331,"minecraft:sprint_one_cm":49162,"minecraft:damage_taken":2074,"minecraft:walk_one_cm":75821,"minecraft:drop":30,"minecraft:damage_dealt":10754,"minecraft:damage_dealt_absorbed":100,"minecraft:swim_one_cm":167,"minecraft:fly_one_cm":132577,"minecraft:play_time":45333,"minecraft:crouch_one_cm":4300,"minecraft:sneak_time":2701,"minecraft:deaths":1,"minecraft:walk_under_water_one_cm":341,"minecraft:aviate_one_cm":416746,"minecraft:jump":441,"minecraft:walk_on_water_one_cm":563,"minecraft:total_world_time":45333,"minecraft:fall_one_cm":18902}},"DataVersion":3465}