{"stats":{"minecraft:picked_up":{"biomesoplenty:dead_log":4,"minecraft:wither_skeleton_skull":1},"minecraft:mined":{"biomesoplenty:dead_log":4,"minecraft:wither_skeleton_skull":1},"minecraft:crafted":{"biomesoplenty:dead_planks":16,"minecraft:crafting_table":1,"minecraft:stick":4},"minecraft:used":{"minecraft:wither_skeleton_skull":1},"minecraft:custom":{"minecraft:open_barrel":1,"minecraft:time_since_rest":5524,"minecraft:crouch_one_cm":26,"minecraft:play_time":5524,"minecraft:sprint_one_cm":6849,"minecraft:damage_taken":136,"minecraft:walk_one_cm":9496,"minecraft:sneak_time":39,"minecraft:aviate_one_cm":113718,"minecraft:jump":71,"minecraft:damage_dealt":165,"minecraft:leave_game":1,"minecraft:time_since_death":5524,"minecraft:total_world_time":5524,"minecraft:climb_one_cm":1209,"minecraft:fall_one_cm":1948,"minecraft:fly_one_cm":9967}},"DataVersion":3465}