{
  "iceandfire:iceandfire/root": {
    "criteria": {
      "tick": "2024-07-02 23:11:55 +0000"
    },
    "done": true
  },
  "lootr:1chest": {
    "criteria": {
      "opened_chest": "2024-07-02 23:14:25 +0000"
    },
    "done": true
  },
  "incendium:technical/scroll_of_returning": {
    "criteria": {
      "log_spam_fixer": "2024-07-02 23:11:55 +0000"
    },
    "done": false
  },
  "minecraft:story/obtain_armor": {
    "criteria": {
      "iron_boots": "2024-07-02 23:32:05 +0000"
    },
    "done": true
  },
  "lootr:social": {
    "criteria": {
      "opened_barrel": "2024-07-02 23:22:49 +0000",
      "opened_chest": "2024-07-02 23:14:25 +0000"
    },
    "done": false
  },
  "incendium:technical/sentrys_wrath": {
    "criteria": {
      "log_spam_fixer": "2024-07-02 23:43:56 +0000"
    },
    "done": false
  },
  "incendium:technical/inventory/sentrys_wrath": {
    "criteria": {
      "log_spam_fixer": "2024-07-02 23:43:56 +0000"
    },
    "done": false
  },
  "endrem:main/rogue_eye": {
    "criteria": {
      "rogue_eye": "2024-07-02 23:30:26 +0000"
    },
    "done": true
  },
  "minecraft:story/iron_tools": {
    "criteria": {
      "iron_pickaxe": "2024-07-02 23:17:08 +0000"
    },
    "done": true
  },
  "incendium:technical/multiplex_crossbow": {
    "criteria": {
      "log_spam_fixer": "2024-07-02 23:43:56 +0000"
    },
    "done": false
  },
  "incendium:technical/using/ragnarok": {
    "criteria": {
      "log_spam_fixer": "2024-07-02 23:11:55 +0000"
    },
    "done": false
  },
  "dungeons_arise:wda_root": {
    "criteria": {
      "WDA": "2024-07-02 23:11:55 +0000"
    },
    "done": true
  },
  "apotheosis:affix/rare": {
    "criteria": {
      "sword": "2024-07-02 23:19:34 +0000"
    },
    "done": true
  },
  "repurposed_structures:pyramids": {
    "criteria": {
      "in_pyramid_jungle": "2024-07-02 23:26:54 +0000"
    },
    "done": false
  },
  "minecraft:nether/get_wither_skull": {
    "criteria": {
      "wither_skull": "2024-07-02 23:12:11 +0000"
    },
    "done": true
  },
  "minecraft:story/mine_stone": {
    "criteria": {
      "get_stone": "2024-07-02 23:32:42 +0000"
    },
    "done": true
  },
  "lootr:10loot": {
    "criteria": {
      "loot_stat": "2024-07-02 23:24:37 +0000"
    },
    "done": true
  },
  "farmersdelight:main/root": {
    "criteria": {
      "seeds": "2024-07-02 23:11:55 +0000"
    },
    "done": true
  },
  "create:root": {
    "criteria": {
      "0": "2024-07-02 23:11:55 +0000"
    },
    "done": true
  },
  "lootr:25loot": {
    "criteria": {
      "loot_stat": "2024-07-02 23:40:08 +0000"
    },
    "done": true
  },
  "incendium:technical/feed_ghastling": {
    "criteria": {
      "log_spam_fixer": "2024-07-02 23:43:56 +0000"
    },
    "done": false
  },
  "lootr:1barrel": {
    "criteria": {
      "opened_barrel": "2024-07-02 23:22:49 +0000"
    },
    "done": true
  },
  "incendium:technical/on_inventory_change": {
    "criteria": {
      "log_spam_fixer": "2024-07-02 23:43:56 +0000"
    },
    "done": false
  },
  "simplyswords:grant_book_on_first_join": {
    "criteria": {
      "tick": "2024-07-02 23:11:55 +0000"
    },
    "done": true
  },
  "biomesoplenty:biomesoplenty/root": {
    "criteria": {
      "wasteland": "2024-07-02 23:11:55 +0000"
    },
    "done": true
  },
  "apotheosis:affix/gem": {
    "criteria": {
      "gem": "2024-07-02 23:27:49 +0000"
    },
    "done": true
  },
  "minecraft:story/form_obsidian": {
    "criteria": {
      "obsidian": "2024-07-02 23:19:41 +0000"
    },
    "done": true
  },
  "ironfurnaces:coal": {
    "criteria": {
      "rainbowcoal": "2024-07-02 23:11:55 +0000"
    },
    "done": true
  },
  "minecraft:adventure/shoot_arrow": {
    "criteria": {
      "shot_arrow": "2024-07-02 23:15:46 +0000"
    },
    "done": true
  },
  "incendium:technical/on_player_hurt": {
    "criteria": {
      "log_spam_fixer": "2024-07-02 23:43:56 +0000"
    },
    "done": false
  },
  "endrem:main/root": {
    "criteria": {
      "rogue_eye": "2024-07-02 23:30:26 +0000"
    },
    "done": true
  },
  "minecraft:story/smelt_iron": {
    "criteria": {
      "iron": "2024-07-02 23:14:36 +0000"
    },
    "done": true
  },
  "repurposed_structures:root": {
    "criteria": {
      "always": "2024-07-02 23:11:55 +0000"
    },
    "done": true
  },
  "minecraft:story/shiny_gear": {
    "criteria": {
      "diamond_chestplate": "2024-07-02 23:19:34 +0000"
    },
    "done": true
  },
  "incendium:technical/using/trailblazer": {
    "criteria": {
      "log_spam_fixer": "2024-07-02 23:11:55 +0000"
    },
    "done": false
  },
  "biomesoplenty:biomesoplenty/all_biomes": {
    "criteria": {
      "wasteland": "2024-07-02 23:11:55 +0000",
      "rocky_rainforest": "2024-07-02 23:16:49 +0000",
      "volcanic_plains": "2024-07-02 23:16:25 +0000",
      "rainforest": "2024-07-02 23:16:33 +0000"
    },
    "done": false
  },
  "minecraft:adventure/root": {
    "criteria": {
      "killed_something": "2024-07-02 23:20:41 +0000"
    },
    "done": true
  },
  "minecraft:adventure/kill_all_mobs": {
    "criteria": {
      "minecraft:skeleton": "2024-07-02 23:33:01 +0000",
      "minecraft:phantom": "2024-07-02 23:25:21 +0000",
      "minecraft:wither_skeleton": "2024-07-02 23:21:40 +0000",
      "minecraft:husk": "2024-07-02 23:20:41 +0000",
      "minecraft:silverfish": "2024-07-02 23:27:23 +0000"
    },
    "done": false
  },
  "apotheosis:affix/rare_gem": {
    "criteria": {
      "gem": "2024-07-02 23:27:49 +0000"
    },
    "done": true
  },
  "mowziesmobs:root": {
    "criteria": {
      "custom_test_name": "2024-07-02 23:11:55 +0000"
    },
    "done": true
  },
  "lootr:root": {
    "criteria": {
      "always_true": "2024-07-02 23:11:55 +0000"
    },
    "done": true
  },
  "minecraft:adventure/kill_a_mob": {
    "criteria": {
      "minecraft:husk": "2024-07-02 23:20:41 +0000"
    },
    "done": true
  },
  "incendium:technical/firestorm": {
    "criteria": {
      "log_spam_fixer": "2024-07-02 23:43:56 +0000"
    },
    "done": false
  },
  "minecraft:adventure/adventuring_time": {
    "criteria": {
      "minecraft:beach": "2024-07-02 23:16:23 +0000",
      "minecraft:river": "2024-07-02 23:12:21 +0000",
      "minecraft:desert": "2024-07-02 23:14:21 +0000"
    },
    "done": false
  },
  "incendium:technical/holy_wrath": {
    "criteria": {
      "log_spam_fixer": "2024-07-02 23:43:56 +0000"
    },
    "done": false
  },
  "incendium:technical/on_block": {
    "criteria": {
      "log_spam_fixer": "2024-07-02 23:43:56 +0000"
    },
    "done": false
  },
  "dungeons_arise:find_heavenly_rider": {
    "criteria": {
      "location0": "2024-07-02 23:18:21 +0000"
    },
    "done": true
  },
  "apotheosis:give_book": {
    "criteria": {
      "tick": "2024-07-02 23:11:55 +0000"
    },
    "done": true
  },
  "apotheosis:affix/root": {
    "criteria": {
      "sword": "2024-07-02 23:19:34 +0000"
    },
    "done": true
  },
  "minecraft:husbandry/balanced_diet": {
    "criteria": {
      "cooked_beef": "2024-07-02 23:13:12 +0000"
    },
    "done": false
  },
  "incendium:technical/using/shield": {
    "criteria": {
      "log_spam_fixer": "2024-07-02 23:11:55 +0000"
    },
    "done": false
  },
  "deeperdarker:main/kill_all_sculk_mobs": {
    "criteria": {
      "phantom": "2024-07-02 23:25:21 +0000"
    },
    "done": false
  },
  "minecraft:husbandry/root": {
    "criteria": {
      "consumed_item": "2024-07-02 23:13:12 +0000"
    },
    "done": true
  },
  "apotheosis:affix/chests": {
    "criteria": {
      "sword": "2024-07-02 23:24:52 +0000"
    },
    "done": true
  },
  "incendium:technical/inventory/firestorm": {
    "criteria": {
      "log_spam_fixer": "2024-07-02 23:43:56 +0000"
    },
    "done": false
  },
  "minecraft:story/mine_diamond": {
    "criteria": {
      "diamond": "2024-07-02 23:24:39 +0000"
    },
    "done": true
  },
  "cataclysm:root": {
    "criteria": {
      "custom_test_name": "2024-07-02 23:11:55 +0000"
    },
    "done": true
  },
  "minecraft:story/root": {
    "criteria": {
      "crafting_table": "2024-07-02 23:38:18 +0000"
    },
    "done": true
  },
  "minecraft:adventure/ol_betsy": {
    "criteria": {
      "shot_crossbow": "2024-07-02 23:15:45 +0000"
    },
    "done": true
  },
  "incendium:technical/new_player": {
    "criteria": {
      "requirement": "2024-07-02 23:11:55 +0000"
    },
    "done": true
  },
  "incendium:technical/give_ghastling": {
    "criteria": {
      "log_spam_fixer": "2024-07-02 23:43:56 +0000"
    },
    "done": false
  },
  "incendium:technical/on_kill": {
    "criteria": {
      "log_spam_fixer": "2024-07-02 23:43:56 +0000"
    },
    "done": false
  },
  "DataVersion": 3465
}